country,year,age,birth_order,asfr_period
Belarus,1964,12-,1,0.0
Belarus,1964,12-,2,0.0
Belarus,1964,12-,3,0.0
Belarus,1964,12-,4,0.0
Belarus,1964,12-,5p,0.0
Belarus,1964,12-,total,0.0
Belarus,1964,20,1,0.10066
Belarus,1964,20,2,0.01494
Belarus,1964,20,3,0.00096
Belarus,1964,20,4,0.0
Belarus,1964,20,5p,0.0
Belarus,1964,20,total,0.11656
Belarus,1964,30,1,0.02285
Belarus,1964,30,2,0.04803
Belarus,1964,30,3,0.0338
Belarus,1964,30,4,0.01373
Belarus,1964,30,5p,0.00602
Belarus,1964,30,total,0.12443
Belarus,1964,40,1,0.0032
Belarus,1964,40,2,0.00458
Belarus,1964,40,3,0.0055
Belarus,1964,40,4,0.00447
Belarus,1964,40,5p,0.00995
Belarus,1964,40,total,0.02771
Belarus,1964,50,1,2e-05
Belarus,1964,50,2,2e-05
Belarus,1964,50,3,2e-05
Belarus,1964,50,4,6e-05
Belarus,1964,50,5p,0.00012
Belarus,1964,50,total,0.00025
Belarus,1964,55+,1,2e-05
Belarus,1964,55+,2,4e-05
Belarus,1964,55+,3,4e-05
Belarus,1964,55+,4,4e-05
Belarus,1964,55+,5p,6e-05
Belarus,1964,55+,total,0.0002
Belarus,1965,12-,1,0.0
Belarus,1965,12-,2,0.0
Belarus,1965,12-,3,0.0
Belarus,1965,12-,4,0.0
Belarus,1965,12-,5p,0.0
Belarus,1965,12-,total,0.0
Belarus,1965,20,1,0.08955
Belarus,1965,20,2,0.01232
Belarus,1965,20,3,0.00052
Belarus,1965,20,4,0.0
Belarus,1965,20,5p,0.0
Belarus,1965,20,total,0.10239
Belarus,1965,30,1,0.02426
Belarus,1965,30,2,0.04825
Belarus,1965,30,3,0.03335
Belarus,1965,30,4,0.01398
Belarus,1965,30,5p,0.00664
Belarus,1965,30,total,0.12649
Belarus,1965,40,1,0.00354
Belarus,1965,40,2,0.00395
Belarus,1965,40,3,0.00495
Belarus,1965,40,4,0.0044
Belarus,1965,40,5p,0.00907
Belarus,1965,40,total,0.02591
Belarus,1965,50,1,1e-05
Belarus,1965,50,2,1e-05
Belarus,1965,50,3,4e-05
Belarus,1965,50,4,3e-05
Belarus,1965,50,5p,9e-05
Belarus,1965,50,total,0.00017
Belarus,1965,55+,1,0.0
Belarus,1965,55+,2,0.0
Belarus,1965,55+,3,7e-05
Belarus,1965,55+,4,7e-05
Belarus,1965,55+,5p,0.00027
Belarus,1965,55+,total,0.00042
Belarus,1966,12-,1,0.0
Belarus,1966,12-,2,0.0
Belarus,1966,12-,3,0.0
Belarus,1966,12-,4,0.0
Belarus,1966,12-,5p,0.0
Belarus,1966,12-,total,0.0
Belarus,1966,20,1,0.09868
Belarus,1966,20,2,0.01453
Belarus,1966,20,3,0.00133
Belarus,1966,20,4,0.0
Belarus,1966,20,5p,0.0
Belarus,1966,20,total,0.11454
Belarus,1966,30,1,0.02228
Belarus,1966,30,2,0.04939
Belarus,1966,30,3,0.03255
Belarus,1966,30,4,0.0141
Belarus,1966,30,5p,0.00659
Belarus,1966,30,total,0.12491
Belarus,1966,40,1,0.0029
Belarus,1966,40,2,0.00406
Belarus,1966,40,3,0.0047
Belarus,1966,40,4,0.00439
Belarus,1966,40,5p,0.00992
Belarus,1966,40,total,0.02597
Belarus,1966,50,1,1e-05
Belarus,1966,50,2,0.0
Belarus,1966,50,3,4e-05
Belarus,1966,50,4,1e-05
Belarus,1966,50,5p,0.00033
Belarus,1966,50,total,0.00039
Belarus,1966,55+,1,0.0
Belarus,1966,55+,2,0.0
Belarus,1966,55+,3,0.0
Belarus,1966,55+,4,2e-05
Belarus,1966,55+,5p,0.0
Belarus,1966,55+,total,2e-05
Belarus,1967,12-,1,0.0
Belarus,1967,12-,2,0.0
Belarus,1967,12-,3,0.0
Belarus,1967,12-,4,0.0
Belarus,1967,12-,5p,0.0
Belarus,1967,12-,total,0.0
Belarus,1967,20,1,0.10104
Belarus,1967,20,2,0.01579
Belarus,1967,20,3,0.00097
Belarus,1967,20,4,0.0
Belarus,1967,20,5p,0.0
Belarus,1967,20,total,0.1178
Belarus,1967,30,1,0.02238
Belarus,1967,30,2,0.04664
Belarus,1967,30,3,0.0285
Belarus,1967,30,4,0.01138
Belarus,1967,30,5p,0.00543
Belarus,1967,30,total,0.11434
Belarus,1967,40,1,0.00261
Belarus,1967,40,2,0.004
Belarus,1967,40,3,0.00477
Belarus,1967,40,4,0.00427
Belarus,1967,40,5p,0.00902
Belarus,1967,40,total,0.02468
Belarus,1967,50,1,0.0
Belarus,1967,50,2,0.0
Belarus,1967,50,3,0.0
Belarus,1967,50,4,4e-05
Belarus,1967,50,5p,0.00011
Belarus,1967,50,total,0.00015
Belarus,1967,55+,1,0.0
Belarus,1967,55+,2,0.0
Belarus,1967,55+,3,2e-05
Belarus,1967,55+,4,0.0
Belarus,1967,55+,5p,0.0
Belarus,1967,55+,total,2e-05
Belarus,1968,12-,1,0.0
Belarus,1968,12-,2,0.0
Belarus,1968,12-,3,0.0
Belarus,1968,12-,4,0.0
Belarus,1968,12-,5p,0.0
Belarus,1968,12-,total,0.0
Belarus,1968,20,1,0.10037
Belarus,1968,20,2,0.01308
Belarus,1968,20,3,0.00079
Belarus,1968,20,4,0.0
Belarus,1968,20,5p,0.0
Belarus,1968,20,total,0.11425
Belarus,1968,30,1,0.02158
Belarus,1968,30,2,0.05096
Belarus,1968,30,3,0.02831
Belarus,1968,30,4,0.01146
Belarus,1968,30,5p,0.00582
Belarus,1968,30,total,0.11813
Belarus,1968,40,1,0.003
Belarus,1968,40,2,0.00479
Belarus,1968,40,3,0.00545
Belarus,1968,40,4,0.00438
Belarus,1968,40,5p,0.00888
Belarus,1968,40,total,0.0265
Belarus,1968,50,1,0.0
Belarus,1968,50,2,5e-05
Belarus,1968,50,3,4e-05
Belarus,1968,50,4,0.00011
Belarus,1968,50,5p,1e-04
Belarus,1968,50,total,0.0003
Belarus,1968,55+,1,0.0
Belarus,1968,55+,2,2e-05
Belarus,1968,55+,3,2e-05
Belarus,1968,55+,4,2e-05
Belarus,1968,55+,5p,4e-05
Belarus,1968,55+,total,9e-05
Belarus,1969,12-,1,0.0
Belarus,1969,12-,2,0.0
Belarus,1969,12-,3,0.0
Belarus,1969,12-,4,0.0
Belarus,1969,12-,5p,0.0
Belarus,1969,12-,total,0.0
Belarus,1969,20,1,0.11094
Belarus,1969,20,2,0.0142
Belarus,1969,20,3,0.00075
Belarus,1969,20,4,0.0
Belarus,1969,20,5p,0.0
Belarus,1969,20,total,0.1259
Belarus,1969,30,1,0.01971
Belarus,1969,30,2,0.05098
Belarus,1969,30,3,0.02664
Belarus,1969,30,4,0.01071
Belarus,1969,30,5p,0.00541
Belarus,1969,30,total,0.11344
Belarus,1969,40,1,0.0026
Belarus,1969,40,2,0.00406
Belarus,1969,40,3,0.00479
Belarus,1969,40,4,0.00364
Belarus,1969,40,5p,0.00766
Belarus,1969,40,total,0.02275
Belarus,1969,50,1,3e-05
Belarus,1969,50,2,1e-05
Belarus,1969,50,3,1e-05
Belarus,1969,50,4,5e-05
Belarus,1969,50,5p,5e-05
Belarus,1969,50,total,0.00015
Belarus,1969,55+,1,0.0
Belarus,1969,55+,2,0.0
Belarus,1969,55+,3,2e-05
Belarus,1969,55+,4,0.0
Belarus,1969,55+,5p,4e-05
Belarus,1969,55+,total,6e-05
Belarus,1970,12-,1,0.0
Belarus,1970,12-,2,0.0
Belarus,1970,12-,3,0.0
Belarus,1970,12-,4,0.0
Belarus,1970,12-,5p,0.0
Belarus,1970,12-,total,0.0
Belarus,1970,20,1,0.11664
Belarus,1970,20,2,0.01351
Belarus,1970,20,3,0.00086
Belarus,1970,20,4,0.0
Belarus,1970,20,5p,0.0
Belarus,1970,20,total,0.13101
Belarus,1970,30,1,0.01746
Belarus,1970,30,2,0.04956
Belarus,1970,30,3,0.02579
Belarus,1970,30,4,0.0094
Belarus,1970,30,5p,0.00495
Belarus,1970,30,total,0.10716
Belarus,1970,40,1,0.00252
Belarus,1970,40,2,0.00416
Belarus,1970,40,3,0.00502
Belarus,1970,40,4,0.00424
Belarus,1970,40,5p,0.00702
Belarus,1970,40,total,0.02297
Belarus,1970,50,1,0.0
Belarus,1970,50,2,2e-05
Belarus,1970,50,3,0.0
Belarus,1970,50,4,1e-05
Belarus,1970,50,5p,3e-05
Belarus,1970,50,total,7e-05
Belarus,1970,55+,1,0.0
Belarus,1970,55+,2,0.0
Belarus,1970,55+,3,2e-05
Belarus,1970,55+,4,0.0
Belarus,1970,55+,5p,2e-05
Belarus,1970,55+,total,4e-05
Belarus,1971,12-,1,0.0
Belarus,1971,12-,2,0.0
Belarus,1971,12-,3,0.0
Belarus,1971,12-,4,0.0
Belarus,1971,12-,5p,0.0
Belarus,1971,12-,total,0.0
Belarus,1971,20,1,0.12605
Belarus,1971,20,2,0.01445
Belarus,1971,20,3,0.00103
Belarus,1971,20,4,0.0
Belarus,1971,20,5p,0.0
Belarus,1971,20,total,0.14152
Belarus,1971,30,1,0.01714
Belarus,1971,30,2,0.05176
Belarus,1971,30,3,0.02477
Belarus,1971,30,4,0.00911
Belarus,1971,30,5p,0.00474
Belarus,1971,30,total,0.10752
Belarus,1971,40,1,0.00268
Belarus,1971,40,2,0.00382
Belarus,1971,40,3,0.00467
Belarus,1971,40,4,0.0034
Belarus,1971,40,5p,0.00629
Belarus,1971,40,total,0.02087
Belarus,1971,50,1,0.0
Belarus,1971,50,2,2e-05
Belarus,1971,50,3,1e-05
Belarus,1971,50,4,1e-05
Belarus,1971,50,5p,3e-05
Belarus,1971,50,total,7e-05
Belarus,1971,55+,1,0.0
Belarus,1971,55+,2,0.0
Belarus,1971,55+,3,3e-05
Belarus,1971,55+,4,0.0
Belarus,1971,55+,5p,0.0
Belarus,1971,55+,total,3e-05
Belarus,1972,12-,1,0.0
Belarus,1972,12-,2,0.0
Belarus,1972,12-,3,0.0
Belarus,1972,12-,4,0.0
Belarus,1972,12-,5p,0.0
Belarus,1972,12-,total,0.0
Belarus,1972,20,1,0.12877
Belarus,1972,20,2,0.01562
Belarus,1972,20,3,0.00079
Belarus,1972,20,4,0.0
Belarus,1972,20,5p,0.0
Belarus,1972,20,total,0.14518
Belarus,1972,30,1,0.01632
Belarus,1972,30,2,0.05117
Belarus,1972,30,3,0.02413
Belarus,1972,30,4,0.00872
Belarus,1972,30,5p,0.00454
Belarus,1972,30,total,0.10487
Belarus,1972,40,1,0.00252
Belarus,1972,40,2,0.00389
Belarus,1972,40,3,0.00461
Belarus,1972,40,4,0.00297
Belarus,1972,40,5p,0.00581
Belarus,1972,40,total,0.0198
Belarus,1972,50,1,3e-05
Belarus,1972,50,2,2e-05
Belarus,1972,50,3,1e-05
Belarus,1972,50,4,0.0
Belarus,1972,50,5p,2e-05
Belarus,1972,50,total,8e-05
Belarus,1972,55+,1,0.0
Belarus,1972,55+,2,0.0
Belarus,1972,55+,3,0.0
Belarus,1972,55+,4,0.0
Belarus,1972,55+,5p,0.0
Belarus,1972,55+,total,0.0
Belarus,1973,12-,1,0.0
Belarus,1973,12-,2,0.0
Belarus,1973,12-,3,0.0
Belarus,1973,12-,4,0.0
Belarus,1973,12-,5p,0.0
Belarus,1973,12-,total,0.0
Belarus,1973,20,1,0.12045
Belarus,1973,20,2,0.01488
Belarus,1973,20,3,0.00094
Belarus,1973,20,4,0.0
Belarus,1973,20,5p,0.0
Belarus,1973,20,total,0.13628
Belarus,1973,30,1,0.0141
Belarus,1973,30,2,0.04527
Belarus,1973,30,3,0.02114
Belarus,1973,30,4,0.00737
Belarus,1973,30,5p,0.0039
Belarus,1973,30,total,0.09178
Belarus,1973,40,1,0.00272
Belarus,1973,40,2,0.0033
Belarus,1973,40,3,0.00391
Belarus,1973,40,4,0.00281
Belarus,1973,40,5p,0.00541
Belarus,1973,40,total,0.01815
Belarus,1973,50,1,1e-05
Belarus,1973,50,2,0.0
Belarus,1973,50,3,1e-05
Belarus,1973,50,4,0.0
Belarus,1973,50,5p,1e-05
Belarus,1973,50,total,3e-05
Belarus,1973,55+,1,0.0
Belarus,1973,55+,2,0.0
Belarus,1973,55+,3,0.0
Belarus,1973,55+,4,0.0
Belarus,1973,55+,5p,0.0
Belarus,1973,55+,total,0.0
Belarus,1974,12-,1,0.0
Belarus,1974,12-,2,0.0
Belarus,1974,12-,3,0.0
Belarus,1974,12-,4,0.0
Belarus,1974,12-,5p,0.0
Belarus,1974,12-,total,0.0
Belarus,1974,20,1,0.12302
Belarus,1974,20,2,0.01494
Belarus,1974,20,3,0.00086
Belarus,1974,20,4,0.0
Belarus,1974,20,5p,0.0
Belarus,1974,20,total,0.13883
Belarus,1974,30,1,0.01484
Belarus,1974,30,2,0.04818
Belarus,1974,30,3,0.02196
Belarus,1974,30,4,0.00767
Belarus,1974,30,5p,0.0041
Belarus,1974,30,total,0.09674
Belarus,1974,40,1,0.00209
Belarus,1974,40,2,0.00366
Belarus,1974,40,3,0.00352
Belarus,1974,40,4,0.00249
Belarus,1974,40,5p,0.00498
Belarus,1974,40,total,0.01675
Belarus,1974,50,1,1e-05
Belarus,1974,50,2,0.0
Belarus,1974,50,3,1e-05
Belarus,1974,50,4,0.0
Belarus,1974,50,5p,0.0
Belarus,1974,50,total,2e-05
Belarus,1974,55+,1,0.0
Belarus,1974,55+,2,0.0
Belarus,1974,55+,3,0.0
Belarus,1974,55+,4,0.0
Belarus,1974,55+,5p,0.0
Belarus,1974,55+,total,0.0
Belarus,1975,12-,1,0.0
Belarus,1975,12-,2,0.0
Belarus,1975,12-,3,0.0
Belarus,1975,12-,4,0.0
Belarus,1975,12-,5p,0.0
Belarus,1975,12-,total,0.0
Belarus,1975,20,1,0.12754
Belarus,1975,20,2,0.01655
Belarus,1975,20,3,0.00112
Belarus,1975,20,4,0.0
Belarus,1975,20,5p,0.0
Belarus,1975,20,total,0.14522
Belarus,1975,30,1,0.01406
Belarus,1975,30,2,0.04798
Belarus,1975,30,3,0.02159
Belarus,1975,30,4,0.00755
Belarus,1975,30,5p,0.00427
Belarus,1975,30,total,0.09545
Belarus,1975,40,1,0.00187
Belarus,1975,40,2,0.00292
Belarus,1975,40,3,0.00325
Belarus,1975,40,4,0.00228
Belarus,1975,40,5p,0.00504
Belarus,1975,40,total,0.01536
Belarus,1975,50,1,0.0
Belarus,1975,50,2,0.0
Belarus,1975,50,3,0.0
Belarus,1975,50,4,0.0
Belarus,1975,50,5p,0.0
Belarus,1975,50,total,0.0
Belarus,1975,55+,1,0.0
Belarus,1975,55+,2,0.0
Belarus,1975,55+,3,0.0
Belarus,1975,55+,4,0.0
Belarus,1975,55+,5p,0.0
Belarus,1975,55+,total,0.0
Belarus,1976,12-,1,0.0
Belarus,1976,12-,2,0.0
Belarus,1976,12-,3,0.0
Belarus,1976,12-,4,0.0
Belarus,1976,12-,5p,0.0
Belarus,1976,12-,total,0.0
Belarus,1976,20,1,0.13139
Belarus,1976,20,2,0.01696
Belarus,1976,20,3,0.00115
Belarus,1976,20,4,0.0
Belarus,1976,20,5p,0.0
Belarus,1976,20,total,0.1495
Belarus,1976,30,1,0.01222
Belarus,1976,30,2,0.03833
Belarus,1976,30,3,0.01675
Belarus,1976,30,4,0.00591
Belarus,1976,30,5p,0.00371
Belarus,1976,30,total,0.07691
Belarus,1976,40,1,0.00204
Belarus,1976,40,2,0.00318
Belarus,1976,40,3,0.00339
Belarus,1976,40,4,0.00234
Belarus,1976,40,5p,0.00475
Belarus,1976,40,total,0.01571
Belarus,1976,50,1,0.0
Belarus,1976,50,2,0.0
Belarus,1976,50,3,0.0
Belarus,1976,50,4,1e-05
Belarus,1976,50,5p,0.0
Belarus,1976,50,total,1e-05
Belarus,1976,55+,1,0.0
Belarus,1976,55+,2,0.0
Belarus,1976,55+,3,0.0
Belarus,1976,55+,4,0.0
Belarus,1976,55+,5p,0.0
Belarus,1976,55+,total,0.0
Belarus,1977,12-,1,0.0
Belarus,1977,12-,2,0.0
Belarus,1977,12-,3,0.0
Belarus,1977,12-,4,0.0
Belarus,1977,12-,5p,0.0
Belarus,1977,12-,total,0.0
Belarus,1977,20,1,0.13181
Belarus,1977,20,2,0.0185
Belarus,1977,20,3,0.00107
Belarus,1977,20,4,0.0
Belarus,1977,20,5p,0.0
Belarus,1977,20,total,0.15139
Belarus,1977,30,1,0.01432
Belarus,1977,30,2,0.04902
Belarus,1977,30,3,0.01889
Belarus,1977,30,4,0.00661
Belarus,1977,30,5p,0.00433
Belarus,1977,30,total,0.09318
Belarus,1977,40,1,0.0017
Belarus,1977,40,2,0.00294
Belarus,1977,40,3,0.00311
Belarus,1977,40,4,0.00209
Belarus,1977,40,5p,0.00434
Belarus,1977,40,total,0.01419
Belarus,1977,50,1,0.0
Belarus,1977,50,2,0.0
Belarus,1977,50,3,1e-05
Belarus,1977,50,4,0.0
Belarus,1977,50,5p,0.0
Belarus,1977,50,total,1e-05
Belarus,1977,55+,1,0.0
Belarus,1977,55+,2,0.0
Belarus,1977,55+,3,0.0
Belarus,1977,55+,4,0.0
Belarus,1977,55+,5p,0.0
Belarus,1977,55+,total,0.0
Belarus,1978,12-,1,0.0
Belarus,1978,12-,2,0.0
Belarus,1978,12-,3,0.0
Belarus,1978,12-,4,0.0
Belarus,1978,12-,5p,0.0
Belarus,1978,12-,total,0.0
Belarus,1978,20,1,0.13502
Belarus,1978,20,2,0.01638
Belarus,1978,20,3,0.00094
Belarus,1978,20,4,5e-05
Belarus,1978,20,5p,0.0
Belarus,1978,20,total,0.15239
Belarus,1978,30,1,0.01307
Belarus,1978,30,2,0.04349
Belarus,1978,30,3,0.01445
Belarus,1978,30,4,0.00462
Belarus,1978,30,5p,0.00306
Belarus,1978,30,total,0.07869
Belarus,1978,40,1,0.00149
Belarus,1978,40,2,0.00273
Belarus,1978,40,3,0.00257
Belarus,1978,40,4,0.00183
Belarus,1978,40,5p,0.00338
Belarus,1978,40,total,0.01199
Belarus,1978,50,1,0.0
Belarus,1978,50,2,0.0
Belarus,1978,50,3,0.0
Belarus,1978,50,4,0.0
Belarus,1978,50,5p,0.0
Belarus,1978,50,total,0.0
Belarus,1978,55+,1,0.0
Belarus,1978,55+,2,0.0
Belarus,1978,55+,3,0.0
Belarus,1978,55+,4,0.0
Belarus,1978,55+,5p,0.0
Belarus,1978,55+,total,0.0
Belarus,1979,12-,1,0.0
Belarus,1979,12-,2,0.0
Belarus,1979,12-,3,0.0
Belarus,1979,12-,4,0.0
Belarus,1979,12-,5p,0.0
Belarus,1979,12-,total,0.0
Belarus,1979,20,1,0.14087
Belarus,1979,20,2,0.01603
Belarus,1979,20,3,0.00101
Belarus,1979,20,4,1e-04
Belarus,1979,20,5p,1e-05
Belarus,1979,20,total,0.15803
Belarus,1979,30,1,0.01363
Belarus,1979,30,2,0.04526
Belarus,1979,30,3,0.01372
Belarus,1979,30,4,0.00485
Belarus,1979,30,5p,0.00345
Belarus,1979,30,total,0.0809
Belarus,1979,40,1,0.0012
Belarus,1979,40,2,0.00224
Belarus,1979,40,3,0.0023
Belarus,1979,40,4,0.00182
Belarus,1979,40,5p,0.003
Belarus,1979,40,total,0.01056
Belarus,1979,50,1,0.0
Belarus,1979,50,2,0.0
Belarus,1979,50,3,0.0
Belarus,1979,50,4,0.0
Belarus,1979,50,5p,0.0
Belarus,1979,50,total,0.0
Belarus,1979,55+,1,0.0
Belarus,1979,55+,2,0.0
Belarus,1979,55+,3,0.0
Belarus,1979,55+,4,0.0
Belarus,1979,55+,5p,0.0
Belarus,1979,55+,total,0.0
Belarus,1980,12-,1,0.0
Belarus,1980,12-,2,0.0
Belarus,1980,12-,3,0.0
Belarus,1980,12-,4,0.0
Belarus,1980,12-,5p,0.0
Belarus,1980,12-,total,0.0
Belarus,1980,20,1,0.14053
Belarus,1980,20,2,0.01573
Belarus,1980,20,3,0.00083
Belarus,1980,20,4,9e-05
Belarus,1980,20,5p,0.0
Belarus,1980,20,total,0.15717
Belarus,1980,30,1,0.01318
Belarus,1980,30,2,0.04374
Belarus,1980,30,3,0.01362
Belarus,1980,30,4,0.00396
Belarus,1980,30,5p,0.00273
Belarus,1980,30,total,0.07723
Belarus,1980,40,1,0.00128
Belarus,1980,40,2,0.00211
Belarus,1980,40,3,0.00209
Belarus,1980,40,4,0.00148
Belarus,1980,40,5p,0.00308
Belarus,1980,40,total,0.01004
Belarus,1980,50,1,0.0
Belarus,1980,50,2,0.0
Belarus,1980,50,3,0.0
Belarus,1980,50,4,0.0
Belarus,1980,50,5p,0.0
Belarus,1980,50,total,0.0
Belarus,1980,55+,1,0.0
Belarus,1980,55+,2,0.0
Belarus,1980,55+,3,0.0
Belarus,1980,55+,4,0.0
Belarus,1980,55+,5p,0.0
Belarus,1980,55+,total,0.0
Belarus,1981,12-,1,0.0
Belarus,1981,12-,2,0.0
Belarus,1981,12-,3,0.0
Belarus,1981,12-,4,0.0
Belarus,1981,12-,5p,0.0
Belarus,1981,12-,total,0.0
Belarus,1981,20,1,0.13798
Belarus,1981,20,2,0.01572
Belarus,1981,20,3,0.00091
Belarus,1981,20,4,5e-05
Belarus,1981,20,5p,0.0
Belarus,1981,20,total,0.15465
Belarus,1981,30,1,0.01293
Belarus,1981,30,2,0.04484
Belarus,1981,30,3,0.01429
Belarus,1981,30,4,0.00399
Belarus,1981,30,5p,0.00269
Belarus,1981,30,total,0.07874
Belarus,1981,40,1,0.00114
Belarus,1981,40,2,0.00226
Belarus,1981,40,3,0.00197
Belarus,1981,40,4,0.00103
Belarus,1981,40,5p,0.00264
Belarus,1981,40,total,0.00903
Belarus,1981,50,1,0.0
Belarus,1981,50,2,0.0
Belarus,1981,50,3,0.0
Belarus,1981,50,4,0.0
Belarus,1981,50,5p,1e-05
Belarus,1981,50,total,1e-05
Belarus,1981,55+,1,0.0
Belarus,1981,55+,2,0.0
Belarus,1981,55+,3,0.0
Belarus,1981,55+,4,0.0
Belarus,1981,55+,5p,0.0
Belarus,1981,55+,total,0.0
Belarus,1982,12-,1,0.0
Belarus,1982,12-,2,0.0
Belarus,1982,12-,3,0.0
Belarus,1982,12-,4,0.0
Belarus,1982,12-,5p,0.0
Belarus,1982,12-,total,0.0
Belarus,1982,20,1,0.13354
Belarus,1982,20,2,0.0174
Belarus,1982,20,3,0.0008
Belarus,1982,20,4,1e-05
Belarus,1982,20,5p,0.0
Belarus,1982,20,total,0.15176
Belarus,1982,30,1,0.01363
Belarus,1982,30,2,0.04255
Belarus,1982,30,3,0.01391
Belarus,1982,30,4,0.00348
Belarus,1982,30,5p,0.00292
Belarus,1982,30,total,0.07649
Belarus,1982,40,1,0.00088
Belarus,1982,40,2,0.00147
Belarus,1982,40,3,0.00189
Belarus,1982,40,4,0.00118
Belarus,1982,40,5p,0.00268
Belarus,1982,40,total,0.0081
Belarus,1982,50,1,0.0
Belarus,1982,50,2,0.0
Belarus,1982,50,3,0.0
Belarus,1982,50,4,0.0
Belarus,1982,50,5p,0.0
Belarus,1982,50,total,0.0
Belarus,1982,55+,1,0.0
Belarus,1982,55+,2,0.0
Belarus,1982,55+,3,0.0
Belarus,1982,55+,4,0.0
Belarus,1982,55+,5p,0.0
Belarus,1982,55+,total,0.0
Belarus,1983,12-,1,0.0
Belarus,1983,12-,2,0.0
Belarus,1983,12-,3,0.0
Belarus,1983,12-,4,0.0
Belarus,1983,12-,5p,0.0
Belarus,1983,12-,total,0.0
Belarus,1983,20,1,0.13631
Belarus,1983,20,2,0.01888
Belarus,1983,20,3,0.00126
Belarus,1983,20,4,8e-05
Belarus,1983,20,5p,1e-05
Belarus,1983,20,total,0.15655
Belarus,1983,30,1,0.01344
Belarus,1983,30,2,0.04923
Belarus,1983,30,3,0.01501
Belarus,1983,30,4,0.00386
Belarus,1983,30,5p,0.0026
Belarus,1983,30,total,0.08413
Belarus,1983,40,1,0.00087
Belarus,1983,40,2,0.00195
Belarus,1983,40,3,0.00149
Belarus,1983,40,4,0.00078
Belarus,1983,40,5p,0.00252
Belarus,1983,40,total,0.0076
Belarus,1983,50,1,0.0
Belarus,1983,50,2,0.0
Belarus,1983,50,3,0.0
Belarus,1983,50,4,0.0
Belarus,1983,50,5p,0.0
Belarus,1983,50,total,0.0
Belarus,1983,55+,1,0.0
Belarus,1983,55+,2,0.0
Belarus,1983,55+,3,0.0
Belarus,1983,55+,4,0.0
Belarus,1983,55+,5p,0.0
Belarus,1983,55+,total,0.0
Belarus,1984,12-,1,0.0
Belarus,1984,12-,2,0.0
Belarus,1984,12-,3,0.0
Belarus,1984,12-,4,0.0
Belarus,1984,12-,5p,0.0
Belarus,1984,12-,total,0.0
Belarus,1984,20,1,0.13331
Belarus,1984,20,2,0.0183
Belarus,1984,20,3,0.00126
Belarus,1984,20,4,4e-05
Belarus,1984,20,5p,0.0
Belarus,1984,20,total,0.15292
Belarus,1984,30,1,0.0136
Belarus,1984,30,2,0.04508
Belarus,1984,30,3,0.01505
Belarus,1984,30,4,0.0039
Belarus,1984,30,5p,0.00326
Belarus,1984,30,total,0.08088
Belarus,1984,40,1,0.0009
Belarus,1984,40,2,0.00175
Belarus,1984,40,3,0.00238
Belarus,1984,40,4,0.00131
Belarus,1984,40,5p,0.00275
Belarus,1984,40,total,0.00909
Belarus,1984,50,1,0.0
Belarus,1984,50,2,0.0
Belarus,1984,50,3,0.0
Belarus,1984,50,4,0.0
Belarus,1984,50,5p,0.0
Belarus,1984,50,total,0.0
Belarus,1984,55+,1,0.0
Belarus,1984,55+,2,0.0
Belarus,1984,55+,3,0.0
Belarus,1984,55+,4,0.0
Belarus,1984,55+,5p,0.0
Belarus,1984,55+,total,0.0
Belarus,1985,12-,1,0.0
Belarus,1985,12-,2,0.0
Belarus,1985,12-,3,0.0
Belarus,1985,12-,4,0.0
Belarus,1985,12-,5p,0.0
Belarus,1985,12-,total,0.0
Belarus,1985,20,1,0.13684
Belarus,1985,20,2,0.0201
Belarus,1985,20,3,0.0011
Belarus,1985,20,4,3e-05
Belarus,1985,20,5p,0.0
Belarus,1985,20,total,0.15806
Belarus,1985,30,1,0.01265
Belarus,1985,30,2,0.04324
Belarus,1985,30,3,0.01453
Belarus,1985,30,4,0.0035
Belarus,1985,30,5p,0.00278
Belarus,1985,30,total,0.0767
Belarus,1985,40,1,0.0008
Belarus,1985,40,2,0.00222
Belarus,1985,40,3,0.00179
Belarus,1985,40,4,0.00133
Belarus,1985,40,5p,0.00256
Belarus,1985,40,total,0.0087
Belarus,1985,50,1,0.0
Belarus,1985,50,2,0.0
Belarus,1985,50,3,0.0
Belarus,1985,50,4,0.0
Belarus,1985,50,5p,0.0
Belarus,1985,50,total,0.0
Belarus,1985,55+,1,0.0
Belarus,1985,55+,2,0.0
Belarus,1985,55+,3,0.0
Belarus,1985,55+,4,0.0
Belarus,1985,55+,5p,0.0
Belarus,1985,55+,total,0.0
Belarus,1986,12-,1,0.0
Belarus,1986,12-,2,0.0
Belarus,1986,12-,3,0.0
Belarus,1986,12-,4,0.0
Belarus,1986,12-,5p,0.0
Belarus,1986,12-,total,0.0
Belarus,1986,20,1,0.12024
Belarus,1986,20,2,0.02048
Belarus,1986,20,3,0.00075
Belarus,1986,20,4,0.0
Belarus,1986,20,5p,0.0
Belarus,1986,20,total,0.14147
Belarus,1986,30,1,0.01416
Belarus,1986,30,2,0.04622
Belarus,1986,30,3,0.01664
Belarus,1986,30,4,0.00442
Belarus,1986,30,5p,0.00317
Belarus,1986,30,total,0.0846
Belarus,1986,40,1,0.00141
Belarus,1986,40,2,0.00231
Belarus,1986,40,3,0.00231
Belarus,1986,40,4,0.00144
Belarus,1986,40,5p,0.00269
Belarus,1986,40,total,0.01016
Belarus,1986,50,1,0.0
Belarus,1986,50,2,0.0
Belarus,1986,50,3,0.0
Belarus,1986,50,4,0.0
Belarus,1986,50,5p,0.0
Belarus,1986,50,total,0.0
Belarus,1986,55+,1,0.0
Belarus,1986,55+,2,0.0
Belarus,1986,55+,3,0.0
Belarus,1986,55+,4,0.0
Belarus,1986,55+,5p,0.0
Belarus,1986,55+,total,0.0
Belarus,1987,12-,1,0.0
Belarus,1987,12-,2,0.0
Belarus,1987,12-,3,0.0
Belarus,1987,12-,4,0.0
Belarus,1987,12-,5p,0.0
Belarus,1987,12-,total,0.0
Belarus,1987,20,1,0.14952
Belarus,1987,20,2,0.02274
Belarus,1987,20,3,0.00138
Belarus,1987,20,4,0.0
Belarus,1987,20,5p,0.0
Belarus,1987,20,total,0.17364
Belarus,1987,30,1,0.01333
Belarus,1987,30,2,0.04
Belarus,1987,30,3,0.01396
Belarus,1987,30,4,0.0035
Belarus,1987,30,5p,0.00277
Belarus,1987,30,total,0.07355
Belarus,1987,40,1,0.00145
Belarus,1987,40,2,0.00215
Belarus,1987,40,3,0.00177
Belarus,1987,40,4,0.00114
Belarus,1987,40,5p,0.00219
Belarus,1987,40,total,0.0087
Belarus,1987,50,1,0.0
Belarus,1987,50,2,0.0
Belarus,1987,50,3,0.0
Belarus,1987,50,4,0.0
Belarus,1987,50,5p,0.0
Belarus,1987,50,total,0.0
Belarus,1987,55+,1,0.0
Belarus,1987,55+,2,0.0
Belarus,1987,55+,3,0.0
Belarus,1987,55+,4,0.0
Belarus,1987,55+,5p,0.0
Belarus,1987,55+,total,0.0
Belarus,1988,12-,1,0.0
Belarus,1988,12-,2,0.0
Belarus,1988,12-,3,0.0
Belarus,1988,12-,4,0.0
Belarus,1988,12-,5p,0.0
Belarus,1988,12-,total,0.0
Belarus,1988,20,1,0.15259
Belarus,1988,20,2,0.02316
Belarus,1988,20,3,0.00139
Belarus,1988,20,4,0.00012
Belarus,1988,20,5p,0.0
Belarus,1988,20,total,0.17726
Belarus,1988,30,1,0.01421
Belarus,1988,30,2,0.04289
Belarus,1988,30,3,0.01322
Belarus,1988,30,4,0.00368
Belarus,1988,30,5p,0.0027
Belarus,1988,30,total,0.07671
Belarus,1988,40,1,0.00138
Belarus,1988,40,2,0.00191
Belarus,1988,40,3,0.00184
Belarus,1988,40,4,0.00113
Belarus,1988,40,5p,0.002
Belarus,1988,40,total,0.00826
Belarus,1988,50,1,1e-05
Belarus,1988,50,2,1e-05
Belarus,1988,50,3,0.0
Belarus,1988,50,4,0.0
Belarus,1988,50,5p,0.0
Belarus,1988,50,total,2e-05
Belarus,1988,55+,1,0.0
Belarus,1988,55+,2,4e-05
Belarus,1988,55+,3,0.0
Belarus,1988,55+,4,0.0
Belarus,1988,55+,5p,0.0
Belarus,1988,55+,total,4e-05
Belarus,1989,12-,1,0.0
Belarus,1989,12-,2,0.0
Belarus,1989,12-,3,0.0
Belarus,1989,12-,4,0.0
Belarus,1989,12-,5p,0.0
Belarus,1989,12-,total,0.0
Belarus,1989,20,1,0.15357
Belarus,1989,20,2,0.02401
Belarus,1989,20,3,0.00126
Belarus,1989,20,4,3e-05
Belarus,1989,20,5p,0.0
Belarus,1989,20,total,0.17887
Belarus,1989,30,1,0.01443
Belarus,1989,30,2,0.03806
Belarus,1989,30,3,0.01154
Belarus,1989,30,4,0.00326
Belarus,1989,30,5p,0.00242
Belarus,1989,30,total,0.06971
Belarus,1989,40,1,0.00147
Belarus,1989,40,2,0.0015
Belarus,1989,40,3,0.00177
Belarus,1989,40,4,0.00106
Belarus,1989,40,5p,0.00174
Belarus,1989,40,total,0.00753
Belarus,1989,50,1,0.0
Belarus,1989,50,2,0.0
Belarus,1989,50,3,0.0
Belarus,1989,50,4,0.0
Belarus,1989,50,5p,0.0
Belarus,1989,50,total,0.0
Belarus,1989,55+,1,0.0
Belarus,1989,55+,2,0.0
Belarus,1989,55+,3,0.0
Belarus,1989,55+,4,0.0
Belarus,1989,55+,5p,0.0
Belarus,1989,55+,total,0.0
Belarus,1990,12-,1,0.0
Belarus,1990,12-,2,0.0
Belarus,1990,12-,3,0.0
Belarus,1990,12-,4,0.0
Belarus,1990,12-,5p,0.0
Belarus,1990,12-,total,0.0
Belarus,1990,20,1,0.15686
Belarus,1990,20,2,0.02241
Belarus,1990,20,3,0.00124
Belarus,1990,20,4,7e-05
Belarus,1990,20,5p,1e-05
Belarus,1990,20,total,0.1806
Belarus,1990,30,1,0.01371
Belarus,1990,30,2,0.03269
Belarus,1990,30,3,0.01015
Belarus,1990,30,4,0.00295
Belarus,1990,30,5p,0.00226
Belarus,1990,30,total,0.06174
Belarus,1990,40,1,0.00145
Belarus,1990,40,2,0.00167
Belarus,1990,40,3,0.00112
Belarus,1990,40,4,0.00071
Belarus,1990,40,5p,0.00139
Belarus,1990,40,total,0.00634
Belarus,1990,50,1,0.0
Belarus,1990,50,2,0.0
Belarus,1990,50,3,0.0
Belarus,1990,50,4,0.0
Belarus,1990,50,5p,0.0
Belarus,1990,50,total,0.0
Belarus,1990,55+,1,0.0
Belarus,1990,55+,2,0.0
Belarus,1990,55+,3,2e-05
Belarus,1990,55+,4,0.0
Belarus,1990,55+,5p,0.0
Belarus,1990,55+,total,2e-05
Belarus,1991,12-,1,0.0
Belarus,1991,12-,2,0.0
Belarus,1991,12-,3,0.0
Belarus,1991,12-,4,0.0
Belarus,1991,12-,5p,0.0
Belarus,1991,12-,total,0.0
Belarus,1991,20,1,0.13803
Belarus,1991,20,2,0.01778
Belarus,1991,20,3,0.00121
Belarus,1991,20,4,0.0
Belarus,1991,20,5p,0.0
Belarus,1991,20,total,0.15701
Belarus,1991,30,1,0.01337
Belarus,1991,30,2,0.02808
Belarus,1991,30,3,0.00917
Belarus,1991,30,4,0.00271
Belarus,1991,30,5p,0.0022
Belarus,1991,30,total,0.05554
Belarus,1991,40,1,0.00143
Belarus,1991,40,2,0.00164
Belarus,1991,40,3,0.00119
Belarus,1991,40,4,0.00074
Belarus,1991,40,5p,0.0011
Belarus,1991,40,total,0.0061
Belarus,1991,50,1,0.0
Belarus,1991,50,2,0.0
Belarus,1991,50,3,0.0
Belarus,1991,50,4,0.0
Belarus,1991,50,5p,0.0
Belarus,1991,50,total,0.0
Belarus,1991,55+,1,0.0
Belarus,1991,55+,2,0.0
Belarus,1991,55+,3,0.0
Belarus,1991,55+,4,0.0
Belarus,1991,55+,5p,0.0
Belarus,1991,55+,total,0.0
Belarus,1992,12-,1,0.0
Belarus,1992,12-,2,0.0
Belarus,1992,12-,3,0.0
Belarus,1992,12-,4,0.0
Belarus,1992,12-,5p,0.0
Belarus,1992,12-,total,0.0
Belarus,1992,20,1,0.1352
Belarus,1992,20,2,0.01912
Belarus,1992,20,3,0.00124
Belarus,1992,20,4,5e-05
Belarus,1992,20,5p,0.0
Belarus,1992,20,total,0.15561
Belarus,1992,30,1,0.01269
Belarus,1992,30,2,0.02662
Belarus,1992,30,3,0.0087
Belarus,1992,30,4,0.0027
Belarus,1992,30,5p,0.00205
Belarus,1992,30,total,0.05275
Belarus,1992,40,1,0.00116
Belarus,1992,40,2,0.00134
Belarus,1992,40,3,0.00141
Belarus,1992,40,4,0.00063
Belarus,1992,40,5p,0.00108
Belarus,1992,40,total,0.00562
Belarus,1992,50,1,0.0
Belarus,1992,50,2,0.0
Belarus,1992,50,3,0.0
Belarus,1992,50,4,0.0
Belarus,1992,50,5p,0.0
Belarus,1992,50,total,0.0
Belarus,1992,55+,1,0.0
Belarus,1992,55+,2,0.0
Belarus,1992,55+,3,0.0
Belarus,1992,55+,4,0.0
Belarus,1992,55+,5p,0.0
Belarus,1992,55+,total,0.0
Belarus,1993,12-,1,0.0
Belarus,1993,12-,2,0.0
Belarus,1993,12-,3,0.0
Belarus,1993,12-,4,0.0
Belarus,1993,12-,5p,0.0
Belarus,1993,12-,total,0.0
Belarus,1993,20,1,0.12254
Belarus,1993,20,2,0.01768
Belarus,1993,20,3,0.00117
Belarus,1993,20,4,0.00011
Belarus,1993,20,5p,0.0
Belarus,1993,20,total,0.1415
Belarus,1993,30,1,0.01185
Belarus,1993,30,2,0.02584
Belarus,1993,30,3,0.00792
Belarus,1993,30,4,0.00255
Belarus,1993,30,5p,0.00186
Belarus,1993,30,total,0.05002
Belarus,1993,40,1,0.00113
Belarus,1993,40,2,0.0011
Belarus,1993,40,3,0.00115
Belarus,1993,40,4,0.00056
Belarus,1993,40,5p,0.00103
Belarus,1993,40,total,0.00497
Belarus,1993,50,1,0.0
Belarus,1993,50,2,0.0
Belarus,1993,50,3,0.0
Belarus,1993,50,4,0.0
Belarus,1993,50,5p,0.0
Belarus,1993,50,total,0.0
Belarus,1993,55+,1,0.0
Belarus,1993,55+,2,0.0
Belarus,1993,55+,3,0.0
Belarus,1993,55+,4,0.0
Belarus,1993,55+,5p,0.0
Belarus,1993,55+,total,0.0
Belarus,1994,12-,1,0.0
Belarus,1994,12-,2,0.0
Belarus,1994,12-,3,0.0
Belarus,1994,12-,4,0.0
Belarus,1994,12-,5p,0.0
Belarus,1994,12-,total,0.0
Belarus,1994,20,1,0.11794
Belarus,1994,20,2,0.0152
Belarus,1994,20,3,0.00091
Belarus,1994,20,4,7e-05
Belarus,1994,20,5p,0.0
Belarus,1994,20,total,0.13414
Belarus,1994,30,1,0.01101
Belarus,1994,30,2,0.02462
Belarus,1994,30,3,0.00735
Belarus,1994,30,4,0.00228
Belarus,1994,30,5p,0.00173
Belarus,1994,30,total,0.04698
Belarus,1994,40,1,0.00099
Belarus,1994,40,2,0.00138
Belarus,1994,40,3,0.00092
Belarus,1994,40,4,0.00053
Belarus,1994,40,5p,0.00104
Belarus,1994,40,total,0.00485
Belarus,1994,50,1,0.0
Belarus,1994,50,2,0.0
Belarus,1994,50,3,0.0
Belarus,1994,50,4,0.0
Belarus,1994,50,5p,0.0
Belarus,1994,50,total,0.0
Belarus,1994,55+,1,0.0
Belarus,1994,55+,2,0.0
Belarus,1994,55+,3,0.0
Belarus,1994,55+,4,0.0
Belarus,1994,55+,5p,0.0
Belarus,1994,55+,total,0.0
Belarus,1995,12-,1,0.0
Belarus,1995,12-,2,0.0
Belarus,1995,12-,3,0.0
Belarus,1995,12-,4,0.0
Belarus,1995,12-,5p,0.0
Belarus,1995,12-,total,0.0
Belarus,1995,20,1,0.10647
Belarus,1995,20,2,0.01282
Belarus,1995,20,3,0.00088
Belarus,1995,20,4,7e-05
Belarus,1995,20,5p,0.0
Belarus,1995,20,total,0.12024
Belarus,1995,30,1,0.01062
Belarus,1995,30,2,0.02311
Belarus,1995,30,3,0.00634
Belarus,1995,30,4,0.00192
Belarus,1995,30,5p,0.00157
Belarus,1995,30,total,0.04357
Belarus,1995,40,1,0.001
Belarus,1995,40,2,0.00103
Belarus,1995,40,3,0.0009
Belarus,1995,40,4,0.00054
Belarus,1995,40,5p,0.00094
Belarus,1995,40,total,0.0044
Belarus,1995,50,1,0.0
Belarus,1995,50,2,0.0
Belarus,1995,50,3,0.0
Belarus,1995,50,4,0.0
Belarus,1995,50,5p,0.0
Belarus,1995,50,total,0.0
Belarus,1995,55+,1,0.0
Belarus,1995,55+,2,0.0
Belarus,1995,55+,3,0.0
Belarus,1995,55+,4,0.0
Belarus,1995,55+,5p,0.0
Belarus,1995,55+,total,0.0
Belarus,1996,12-,1,0.0
Belarus,1996,12-,2,0.0
Belarus,1996,12-,3,0.0
Belarus,1996,12-,4,0.0
Belarus,1996,12-,5p,0.0
Belarus,1996,12-,total,0.0
Belarus,1996,20,1,0.09916
Belarus,1996,20,2,0.01163
Belarus,1996,20,3,0.00119
Belarus,1996,20,4,0.00011
Belarus,1996,20,5p,0.0
Belarus,1996,20,total,0.11209
Belarus,1996,30,1,0.01098
Belarus,1996,30,2,0.02168
Belarus,1996,30,3,0.00588
Belarus,1996,30,4,0.0019
Belarus,1996,30,5p,0.00153
Belarus,1996,30,total,0.04198
Belarus,1996,40,1,0.00099
Belarus,1996,40,2,0.00106
Belarus,1996,40,3,0.00091
Belarus,1996,40,4,0.00048
Belarus,1996,40,5p,0.00076
Belarus,1996,40,total,0.0042
Belarus,1996,50,1,0.0
Belarus,1996,50,2,0.0
Belarus,1996,50,3,0.0
Belarus,1996,50,4,0.0
Belarus,1996,50,5p,0.0
Belarus,1996,50,total,0.0
Belarus,1996,55+,1,0.0
Belarus,1996,55+,2,0.0
Belarus,1996,55+,3,0.0
Belarus,1996,55+,4,0.0
Belarus,1996,55+,5p,0.0
Belarus,1996,55+,total,0.0
Belarus,1997,12-,1,0.0
Belarus,1997,12-,2,0.0
Belarus,1997,12-,3,0.0
Belarus,1997,12-,4,0.0
Belarus,1997,12-,5p,0.0
Belarus,1997,12-,total,0.0
Belarus,1997,20,1,0.09508
Belarus,1997,20,2,0.01284
Belarus,1997,20,3,0.00097
Belarus,1997,20,4,0.00012
Belarus,1997,20,5p,1e-05
Belarus,1997,20,total,0.10902
Belarus,1997,30,1,0.00967
Belarus,1997,30,2,0.02206
Belarus,1997,30,3,0.00632
Belarus,1997,30,4,0.00182
Belarus,1997,30,5p,0.00158
Belarus,1997,30,total,0.04144
Belarus,1997,40,1,0.00094
Belarus,1997,40,2,0.00075
Belarus,1997,40,3,0.00089
Belarus,1997,40,4,0.00047
Belarus,1997,40,5p,0.00084
Belarus,1997,40,total,0.00389
Belarus,1997,50,1,0.0
Belarus,1997,50,2,0.0
Belarus,1997,50,3,0.0
Belarus,1997,50,4,0.0
Belarus,1997,50,5p,0.0
Belarus,1997,50,total,0.0
Belarus,1997,55+,1,0.0
Belarus,1997,55+,2,0.0
Belarus,1997,55+,3,0.0
Belarus,1997,55+,4,0.0
Belarus,1997,55+,5p,0.0
Belarus,1997,55+,total,0.0
Belarus,1998,12-,1,0.0
Belarus,1998,12-,2,0.0
Belarus,1998,12-,3,0.0
Belarus,1998,12-,4,0.0
Belarus,1998,12-,5p,0.0
Belarus,1998,12-,total,0.0
Belarus,1998,20,1,0.0933
Belarus,1998,20,2,0.01288
Belarus,1998,20,3,0.00103
Belarus,1998,20,4,6e-05
Belarus,1998,20,5p,1e-05
Belarus,1998,20,total,0.10728
Belarus,1998,30,1,0.01129
Belarus,1998,30,2,0.02386
Belarus,1998,30,3,0.00708
Belarus,1998,30,4,0.00202
Belarus,1998,30,5p,0.00137
Belarus,1998,30,total,0.04562
Belarus,1998,40,1,0.00079
Belarus,1998,40,2,0.00092
Belarus,1998,40,3,0.00086
Belarus,1998,40,4,0.00054
Belarus,1998,40,5p,0.00075
Belarus,1998,40,total,0.00386
Belarus,1998,50,1,0.0
Belarus,1998,50,2,0.0
Belarus,1998,50,3,2e-05
Belarus,1998,50,4,0.0
Belarus,1998,50,5p,0.0
Belarus,1998,50,total,2e-05
Belarus,1998,55+,1,0.0
Belarus,1998,55+,2,0.0
Belarus,1998,55+,3,0.0
Belarus,1998,55+,4,0.0
Belarus,1998,55+,5p,0.0
Belarus,1998,55+,total,0.0
Belarus,1999,12-,1,0.0
Belarus,1999,12-,2,0.0
Belarus,1999,12-,3,0.0
Belarus,1999,12-,4,0.0
Belarus,1999,12-,5p,0.0
Belarus,1999,12-,total,0.0
Belarus,1999,20,1,0.09284
Belarus,1999,20,2,0.01123
Belarus,1999,20,3,0.00086
Belarus,1999,20,4,8e-05
Belarus,1999,20,5p,1e-05
Belarus,1999,20,total,0.10503
Belarus,1999,30,1,0.01071
Belarus,1999,30,2,0.02633
Belarus,1999,30,3,0.0066
Belarus,1999,30,4,0.00199
Belarus,1999,30,5p,0.00156
Belarus,1999,30,total,0.04719
Belarus,1999,40,1,0.0007
Belarus,1999,40,2,0.00092
Belarus,1999,40,3,0.00106
Belarus,1999,40,4,0.0006
Belarus,1999,40,5p,0.00067
Belarus,1999,40,total,0.00396
Belarus,1999,50,1,0.0
Belarus,1999,50,2,0.0
Belarus,1999,50,3,1e-05
Belarus,1999,50,4,0.0
Belarus,1999,50,5p,0.0
Belarus,1999,50,total,1e-05
Belarus,1999,55+,1,0.0
Belarus,1999,55+,2,0.0
Belarus,1999,55+,3,3e-05
Belarus,1999,55+,4,0.0
Belarus,1999,55+,5p,0.0
Belarus,1999,55+,total,3e-05
Belarus,2000,12-,1,0.0
Belarus,2000,12-,2,0.0
Belarus,2000,12-,3,0.0
Belarus,2000,12-,4,0.0
Belarus,2000,12-,5p,0.0
Belarus,2000,12-,total,0.0
Belarus,2000,20,1,0.08982
Belarus,2000,20,2,0.01062
Belarus,2000,20,3,0.00065
Belarus,2000,20,4,0.0
Belarus,2000,20,5p,0.0
Belarus,2000,20,total,0.10108
Belarus,2000,30,1,0.01253
Belarus,2000,30,2,0.02842
Belarus,2000,30,3,0.00673
Belarus,2000,30,4,0.00165
Belarus,2000,30,5p,0.00143
Belarus,2000,30,total,0.05076
Belarus,2000,40,1,0.00078
Belarus,2000,40,2,0.00107
Belarus,2000,40,3,0.00094
Belarus,2000,40,4,0.00069
Belarus,2000,40,5p,0.00075
Belarus,2000,40,total,0.00422
Belarus,2000,50,1,0.0
Belarus,2000,50,2,0.0
Belarus,2000,50,3,0.0
Belarus,2000,50,4,0.0
Belarus,2000,50,5p,0.0
Belarus,2000,50,total,0.0
Belarus,2000,55+,1,0.0
Belarus,2000,55+,2,0.0
Belarus,2000,55+,3,0.0
Belarus,2000,55+,4,0.0
Belarus,2000,55+,5p,0.0
Belarus,2000,55+,total,0.0
Belarus,2001,12-,1,0.0
Belarus,2001,12-,2,0.0
Belarus,2001,12-,3,0.0
Belarus,2001,12-,4,0.0
Belarus,2001,12-,5p,0.0
Belarus,2001,12-,total,0.0
Belarus,2001,20,1,0.08594
Belarus,2001,20,2,0.00942
Belarus,2001,20,3,0.00076
Belarus,2001,20,4,0.00014
Belarus,2001,20,5p,0.0
Belarus,2001,20,total,0.09626
Belarus,2001,30,1,0.01263
Belarus,2001,30,2,0.02944
Belarus,2001,30,3,0.00614
Belarus,2001,30,4,0.00161
Belarus,2001,30,5p,0.00131
Belarus,2001,30,total,0.05113
Belarus,2001,40,1,0.00078
Belarus,2001,40,2,0.00126
Belarus,2001,40,3,0.00133
Belarus,2001,40,4,0.00053
Belarus,2001,40,5p,0.00078
Belarus,2001,40,total,0.00467
Belarus,2001,50,1,0.0
Belarus,2001,50,2,0.0
Belarus,2001,50,3,1e-05
Belarus,2001,50,4,0.0
Belarus,2001,50,5p,0.0
Belarus,2001,50,total,1e-05
Belarus,2001,55+,1,0.0
Belarus,2001,55+,2,0.0
Belarus,2001,55+,3,0.0
Belarus,2001,55+,4,0.0
Belarus,2001,55+,5p,0.0
Belarus,2001,55+,total,0.0
Belarus,2002,12-,1,0.0
Belarus,2002,12-,2,0.0
Belarus,2002,12-,3,0.0
Belarus,2002,12-,4,0.0
Belarus,2002,12-,5p,0.0
Belarus,2002,12-,total,0.0
Belarus,2002,20,1,0.08031
Belarus,2002,20,2,0.00822
Belarus,2002,20,3,0.00084
Belarus,2002,20,4,7e-05
Belarus,2002,20,5p,0.0
Belarus,2002,20,total,0.08944
Belarus,2002,30,1,0.01299
Belarus,2002,30,2,0.02845
Belarus,2002,30,3,0.00608
Belarus,2002,30,4,0.00147
Belarus,2002,30,5p,0.0011
Belarus,2002,30,total,0.05009
Belarus,2002,40,1,0.00071
Belarus,2002,40,2,0.00114
Belarus,2002,40,3,0.00125
Belarus,2002,40,4,0.00051
Belarus,2002,40,5p,0.00058
Belarus,2002,40,total,0.00419
Belarus,2002,50,1,0.0
Belarus,2002,50,2,0.0
Belarus,2002,50,3,1e-05
Belarus,2002,50,4,0.0
Belarus,2002,50,5p,0.0
Belarus,2002,50,total,1e-05
Belarus,2002,55+,1,0.0
Belarus,2002,55+,2,0.0
Belarus,2002,55+,3,0.0
Belarus,2002,55+,4,0.0
Belarus,2002,55+,5p,0.0
Belarus,2002,55+,total,0.0
Belarus,2003,12-,1,0.0
Belarus,2003,12-,2,0.0
Belarus,2003,12-,3,0.0
Belarus,2003,12-,4,0.0
Belarus,2003,12-,5p,0.0
Belarus,2003,12-,total,0.0
Belarus,2003,20,1,0.07395
Belarus,2003,20,2,0.00819
Belarus,2003,20,3,0.00064
Belarus,2003,20,4,9e-05
Belarus,2003,20,5p,0.0
Belarus,2003,20,total,0.08287
Belarus,2003,30,1,0.01343
Belarus,2003,30,2,0.02729
Belarus,2003,30,3,0.00595
Belarus,2003,30,4,0.00142
Belarus,2003,30,5p,0.00111
Belarus,2003,30,total,0.0492
Belarus,2003,40,1,0.00079
Belarus,2003,40,2,0.00138
Belarus,2003,40,3,0.00134
Belarus,2003,40,4,0.00043
Belarus,2003,40,5p,0.00066
Belarus,2003,40,total,0.0046
Belarus,2003,50,1,0.0
Belarus,2003,50,2,0.0
Belarus,2003,50,3,0.0
Belarus,2003,50,4,0.0
Belarus,2003,50,5p,0.0
Belarus,2003,50,total,0.0
Belarus,2003,55+,1,0.0
Belarus,2003,55+,2,0.0
Belarus,2003,55+,3,0.0
Belarus,2003,55+,4,0.0
Belarus,2003,55+,5p,0.0
Belarus,2003,55+,total,0.0
Belarus,2004,12-,1,0.0
Belarus,2004,12-,2,0.0
Belarus,2004,12-,3,0.0
Belarus,2004,12-,4,0.0
Belarus,2004,12-,5p,0.0
Belarus,2004,12-,total,0.0
Belarus,2004,20,1,0.07149
Belarus,2004,20,2,0.00736
Belarus,2004,20,3,0.00068
Belarus,2004,20,4,3e-05
Belarus,2004,20,5p,0.0
Belarus,2004,20,total,0.07955
Belarus,2004,30,1,0.01436
Belarus,2004,30,2,0.02903
Belarus,2004,30,3,0.00602
Belarus,2004,30,4,0.0016
Belarus,2004,30,5p,0.00105
Belarus,2004,30,total,0.05205
Belarus,2004,40,1,0.00082
Belarus,2004,40,2,0.00142
Belarus,2004,40,3,0.00125
Belarus,2004,40,4,0.0006
Belarus,2004,40,5p,0.00065
Belarus,2004,40,total,0.00474
Belarus,2004,50,1,0.0
Belarus,2004,50,2,0.0
Belarus,2004,50,3,0.0
Belarus,2004,50,4,0.0
Belarus,2004,50,5p,0.0
Belarus,2004,50,total,0.0
Belarus,2004,55+,1,0.0
Belarus,2004,55+,2,0.0
Belarus,2004,55+,3,0.0
Belarus,2004,55+,4,0.0
Belarus,2004,55+,5p,0.0
Belarus,2004,55+,total,0.0
Belarus,2005,12-,1,0.0
Belarus,2005,12-,2,0.0
Belarus,2005,12-,3,0.0
Belarus,2005,12-,4,0.0
Belarus,2005,12-,5p,0.0
Belarus,2005,12-,total,0.0
Belarus,2005,20,1,0.0679
Belarus,2005,20,2,0.00721
Belarus,2005,20,3,0.00066
Belarus,2005,20,4,4e-05
Belarus,2005,20,5p,0.0
Belarus,2005,20,total,0.07581
Belarus,2005,30,1,0.01576
Belarus,2005,30,2,0.03083
Belarus,2005,30,3,0.00685
Belarus,2005,30,4,0.00183
Belarus,2005,30,5p,0.00081
Belarus,2005,30,total,0.05608
Belarus,2005,40,1,0.00078
Belarus,2005,40,2,0.00158
Belarus,2005,40,3,0.0015
Belarus,2005,40,4,0.00078
Belarus,2005,40,5p,0.00059
Belarus,2005,40,total,0.00522
Belarus,2005,50,1,0.0
Belarus,2005,50,2,0.0
Belarus,2005,50,3,1e-05
Belarus,2005,50,4,0.0
Belarus,2005,50,5p,0.0
Belarus,2005,50,total,1e-05
Belarus,2005,55+,1,0.0
Belarus,2005,55+,2,0.0
Belarus,2005,55+,3,0.0
Belarus,2005,55+,4,0.0
Belarus,2005,55+,5p,0.0
Belarus,2005,55+,total,0.0
Belarus,2006,12-,1,0.0
Belarus,2006,12-,2,0.0
Belarus,2006,12-,3,0.0
Belarus,2006,12-,4,0.0
Belarus,2006,12-,5p,0.0
Belarus,2006,12-,total,0.0
Belarus,2006,20,1,0.06872
Belarus,2006,20,2,0.00739
Belarus,2006,20,3,0.00048
Belarus,2006,20,4,7e-05
Belarus,2006,20,5p,0.0
Belarus,2006,20,total,0.07665
Belarus,2006,30,1,0.01678
Belarus,2006,30,2,0.03443
Belarus,2006,30,3,0.00806
Belarus,2006,30,4,0.00186
Belarus,2006,30,5p,0.00103
Belarus,2006,30,total,0.06216
Belarus,2006,40,1,0.00074
Belarus,2006,40,2,0.0016
Belarus,2006,40,3,0.00156
Belarus,2006,40,4,0.00064
Belarus,2006,40,5p,0.00069
Belarus,2006,40,total,0.00522
Belarus,2006,50,1,0.0
Belarus,2006,50,2,0.0
Belarus,2006,50,3,0.0
Belarus,2006,50,4,0.0
Belarus,2006,50,5p,0.0
Belarus,2006,50,total,0.0
Belarus,2006,55+,1,0.0
Belarus,2006,55+,2,0.0
Belarus,2006,55+,3,0.0
Belarus,2006,55+,4,0.0
Belarus,2006,55+,5p,0.0
Belarus,2006,55+,total,0.0
Belarus,2007,12-,1,0.0
Belarus,2007,12-,2,0.0
Belarus,2007,12-,3,0.0
Belarus,2007,12-,4,0.0
Belarus,2007,12-,5p,0.0
Belarus,2007,12-,total,0.0
Belarus,2007,20,1,0.06883
Belarus,2007,20,2,0.0079
Belarus,2007,20,3,0.00059
Belarus,2007,20,4,1e-05
Belarus,2007,20,5p,0.0
Belarus,2007,20,total,0.07734
Belarus,2007,30,1,0.01866
Belarus,2007,30,2,0.03901
Belarus,2007,30,3,0.00909
Belarus,2007,30,4,0.00229
Belarus,2007,30,5p,0.00124
Belarus,2007,30,total,0.07028
Belarus,2007,40,1,0.00074
Belarus,2007,40,2,0.00202
Belarus,2007,40,3,0.00177
Belarus,2007,40,4,0.00089
Belarus,2007,40,5p,0.00105
Belarus,2007,40,total,0.00647
Belarus,2007,50,1,0.0
Belarus,2007,50,2,0.0
Belarus,2007,50,3,0.0
Belarus,2007,50,4,0.0
Belarus,2007,50,5p,0.0
Belarus,2007,50,total,0.0
Belarus,2007,55+,1,0.0
Belarus,2007,55+,2,0.0
Belarus,2007,55+,3,0.0
Belarus,2007,55+,4,0.0
Belarus,2007,55+,5p,0.0
Belarus,2007,55+,total,0.0
Belarus,2008,12-,1,0.0
Belarus,2008,12-,2,0.0
Belarus,2008,12-,3,0.0
Belarus,2008,12-,4,0.0
Belarus,2008,12-,5p,0.0
Belarus,2008,12-,total,0.0
Belarus,2008,20,1,0.06594
Belarus,2008,20,2,0.00748
Belarus,2008,20,3,0.00066
Belarus,2008,20,4,5e-05
Belarus,2008,20,5p,0.0
Belarus,2008,20,total,0.07414
Belarus,2008,30,1,0.02035
Belarus,2008,30,2,0.04103
Belarus,2008,30,3,0.00939
Belarus,2008,30,4,0.00174
Belarus,2008,30,5p,0.0011
Belarus,2008,30,total,0.0736
Belarus,2008,40,1,0.00079
Belarus,2008,40,2,0.00266
Belarus,2008,40,3,0.00186
Belarus,2008,40,4,0.00076
Belarus,2008,40,5p,0.00089
Belarus,2008,40,total,0.00697
Belarus,2008,50,1,0.0
Belarus,2008,50,2,1e-05
Belarus,2008,50,3,1e-05
Belarus,2008,50,4,0.0
Belarus,2008,50,5p,0.0
Belarus,2008,50,total,2e-05
Belarus,2008,55+,1,0.0
Belarus,2008,55+,2,0.0
Belarus,2008,55+,3,0.0
Belarus,2008,55+,4,0.0
Belarus,2008,55+,5p,0.0
Belarus,2008,55+,total,0.0
Belarus,2009,12-,1,0.0
Belarus,2009,12-,2,0.0
Belarus,2009,12-,3,0.0
Belarus,2009,12-,4,0.0
Belarus,2009,12-,5p,0.0
Belarus,2009,12-,total,0.0
Belarus,2009,20,1,0.06241
Belarus,2009,20,2,0.00694
Belarus,2009,20,3,0.00054
Belarus,2009,20,4,5e-05
Belarus,2009,20,5p,0.0
Belarus,2009,20,total,0.06994
Belarus,2009,30,1,0.02131
Belarus,2009,30,2,0.04257
Belarus,2009,30,3,0.00888
Belarus,2009,30,4,0.00221
Belarus,2009,30,5p,0.00123
Belarus,2009,30,total,0.0762
Belarus,2009,40,1,0.0009
Belarus,2009,40,2,0.00275
Belarus,2009,40,3,0.00247
Belarus,2009,40,4,0.00073
Belarus,2009,40,5p,0.00067
Belarus,2009,40,total,0.00753
Belarus,2009,50,1,0.0
Belarus,2009,50,2,0.0
Belarus,2009,50,3,0.0
Belarus,2009,50,4,0.0
Belarus,2009,50,5p,0.0
Belarus,2009,50,total,0.0
Belarus,2009,55+,1,0.0
Belarus,2009,55+,2,0.0
Belarus,2009,55+,3,0.0
Belarus,2009,55+,4,0.0
Belarus,2009,55+,5p,0.0
Belarus,2009,55+,total,0.0
Belarus,2010,12-,1,0.0
Belarus,2010,12-,2,0.0
Belarus,2010,12-,3,0.0
Belarus,2010,12-,4,0.0
Belarus,2010,12-,5p,0.0
Belarus,2010,12-,total,0.0
Belarus,2010,20,1,0.05716
Belarus,2010,20,2,0.00759
Belarus,2010,20,3,0.00051
Belarus,2010,20,4,7e-05
Belarus,2010,20,5p,1e-05
Belarus,2010,20,total,0.06535
Belarus,2010,30,1,0.02264
Belarus,2010,30,2,0.04406
Belarus,2010,30,3,0.01001
Belarus,2010,30,4,0.00214
Belarus,2010,30,5p,0.00115
Belarus,2010,30,total,0.08
Belarus,2010,40,1,0.00091
Belarus,2010,40,2,0.00303
Belarus,2010,40,3,0.00218
Belarus,2010,40,4,0.00081
Belarus,2010,40,5p,0.00111
Belarus,2010,40,total,0.00803
Belarus,2010,50,1,0.0
Belarus,2010,50,2,0.0
Belarus,2010,50,3,0.0
Belarus,2010,50,4,0.0
Belarus,2010,50,5p,0.0
Belarus,2010,50,total,0.0
Belarus,2010,55+,1,0.0
Belarus,2010,55+,2,0.0
Belarus,2010,55+,3,0.0
Belarus,2010,55+,4,0.0
Belarus,2010,55+,5p,0.0
Belarus,2010,55+,total,0.0
Belarus,2011,12-,1,0.0
Belarus,2011,12-,2,0.0
Belarus,2011,12-,3,0.0
Belarus,2011,12-,4,0.0
Belarus,2011,12-,5p,0.0
Belarus,2011,12-,total,0.0
Belarus,2011,20,1,0.05608
Belarus,2011,20,2,0.00796
Belarus,2011,20,3,0.00057
Belarus,2011,20,4,5e-05
Belarus,2011,20,5p,2e-05
Belarus,2011,20,total,0.06466
Belarus,2011,30,1,0.0235
Belarus,2011,30,2,0.04476
Belarus,2011,30,3,0.01046
Belarus,2011,30,4,0.0017
Belarus,2011,30,5p,0.00106
Belarus,2011,30,total,0.08148
Belarus,2011,40,1,0.00113
Belarus,2011,40,2,0.00333
Belarus,2011,40,3,0.00244
Belarus,2011,40,4,0.00091
Belarus,2011,40,5p,0.00084
Belarus,2011,40,total,0.00864
Belarus,2011,50,1,1e-05
Belarus,2011,50,2,0.0
Belarus,2011,50,3,1e-05
Belarus,2011,50,4,0.0
Belarus,2011,50,5p,0.0
Belarus,2011,50,total,2e-05
Belarus,2011,55+,1,0.0
Belarus,2011,55+,2,0.0
Belarus,2011,55+,3,0.0
Belarus,2011,55+,4,0.0
Belarus,2011,55+,5p,0.0
Belarus,2011,55+,total,0.0
Belarus,2012,12-,1,0.0
Belarus,2012,12-,2,0.0
Belarus,2012,12-,3,0.0
Belarus,2012,12-,4,0.0
Belarus,2012,12-,5p,0.0
Belarus,2012,12-,total,0.0
Belarus,2012,20,1,0.059
Belarus,2012,20,2,0.0074
Belarus,2012,20,3,0.00073
Belarus,2012,20,4,2e-05
Belarus,2012,20,5p,0.0
Belarus,2012,20,total,0.06715
Belarus,2012,30,1,0.02572
Belarus,2012,30,2,0.04746
Belarus,2012,30,3,0.01133
Belarus,2012,30,4,0.0025
Belarus,2012,30,5p,0.00109
Belarus,2012,30,total,0.0881
Belarus,2012,40,1,0.00115
Belarus,2012,40,2,0.00377
Belarus,2012,40,3,0.00272
Belarus,2012,40,4,0.00108
Belarus,2012,40,5p,0.00078
Belarus,2012,40,total,0.00949
Belarus,2012,50,1,1e-05
Belarus,2012,50,2,0.0
Belarus,2012,50,3,0.0
Belarus,2012,50,4,0.0
Belarus,2012,50,5p,0.0
Belarus,2012,50,total,1e-05
Belarus,2012,55+,1,0.0
Belarus,2012,55+,2,0.0
Belarus,2012,55+,3,0.0
Belarus,2012,55+,4,0.0
Belarus,2012,55+,5p,0.0
Belarus,2012,55+,total,0.0
Belarus,2013,12-,1,0.0
Belarus,2013,12-,2,0.0
Belarus,2013,12-,3,0.0
Belarus,2013,12-,4,0.0
Belarus,2013,12-,5p,0.0
Belarus,2013,12-,total,0.0
Belarus,2013,20,1,0.05515
Belarus,2013,20,2,0.00907
Belarus,2013,20,3,0.00067
Belarus,2013,20,4,1e-04
Belarus,2013,20,5p,0.0
Belarus,2013,20,total,0.06499
Belarus,2013,30,1,0.02567
Belarus,2013,30,2,0.05191
Belarus,2013,30,3,0.01274
Belarus,2013,30,4,0.00266
Belarus,2013,30,5p,0.00095
Belarus,2013,30,total,0.09393
Belarus,2013,40,1,0.00149
Belarus,2013,40,2,0.00422
Belarus,2013,40,3,0.00309
Belarus,2013,40,4,0.00113
Belarus,2013,40,5p,0.001
Belarus,2013,40,total,0.01093
Belarus,2013,50,1,0.0
Belarus,2013,50,2,0.0
Belarus,2013,50,3,0.0
Belarus,2013,50,4,0.0
Belarus,2013,50,5p,0.0
Belarus,2013,50,total,0.0
Belarus,2013,55+,1,0.0
Belarus,2013,55+,2,0.0
Belarus,2013,55+,3,0.0
Belarus,2013,55+,4,0.0
Belarus,2013,55+,5p,0.0
Belarus,2013,55+,total,0.0
Belarus,2014,12-,1,0.0
Belarus,2014,12-,2,0.0
Belarus,2014,12-,3,0.0
Belarus,2014,12-,4,0.0
Belarus,2014,12-,5p,0.0
Belarus,2014,12-,total,0.0
Belarus,2014,20,1,0.0543
Belarus,2014,20,2,0.01005
Belarus,2014,20,3,0.0008
Belarus,2014,20,4,4e-05
Belarus,2014,20,5p,0.0
Belarus,2014,20,total,0.06519
Belarus,2014,30,1,0.02682
Belarus,2014,30,2,0.05197
Belarus,2014,30,3,0.01304
Belarus,2014,30,4,0.00266
Belarus,2014,30,5p,0.0009
Belarus,2014,30,total,0.09539
Belarus,2014,40,1,0.00158
Belarus,2014,40,2,0.00497
Belarus,2014,40,3,0.00342
Belarus,2014,40,4,0.00145
Belarus,2014,40,5p,0.00107
Belarus,2014,40,total,0.01249
Belarus,2014,50,1,0.0
Belarus,2014,50,2,0.0
Belarus,2014,50,3,0.0
Belarus,2014,50,4,0.0
Belarus,2014,50,5p,0.0
Belarus,2014,50,total,0.0
Belarus,2014,55+,1,0.0
Belarus,2014,55+,2,0.0
Belarus,2014,55+,3,0.0
Belarus,2014,55+,4,0.0
Belarus,2014,55+,5p,0.0
Belarus,2014,55+,total,0.0
Belarus,2015,12-,1,0.0
Belarus,2015,12-,2,0.0
Belarus,2015,12-,3,0.0
Belarus,2015,12-,4,0.0
Belarus,2015,12-,5p,0.0
Belarus,2015,12-,total,0.0
Belarus,2015,20,1,0.05128
Belarus,2015,20,2,0.01008
Belarus,2015,20,3,0.00098
Belarus,2015,20,4,8e-05
Belarus,2015,20,5p,2e-05
Belarus,2015,20,total,0.06244
Belarus,2015,30,1,0.02739
Belarus,2015,30,2,0.05313
Belarus,2015,30,3,0.01568
Belarus,2015,30,4,0.00346
Belarus,2015,30,5p,0.00122
Belarus,2015,30,total,0.10088
Belarus,2015,40,1,0.00172
Belarus,2015,40,2,0.00511
Belarus,2015,40,3,0.0038
Belarus,2015,40,4,0.0015
Belarus,2015,40,5p,0.0011
Belarus,2015,40,total,0.01323
Belarus,2015,50,1,0.0
Belarus,2015,50,2,0.0
Belarus,2015,50,3,0.0
Belarus,2015,50,4,0.0
Belarus,2015,50,5p,0.0
Belarus,2015,50,total,0.0
Belarus,2015,55+,1,0.0
Belarus,2015,55+,2,0.0
Belarus,2015,55+,3,0.0
Belarus,2015,55+,4,0.0
Belarus,2015,55+,5p,0.0
Belarus,2015,55+,total,0.0
Belarus,2016,12-,1,0.0
Belarus,2016,12-,2,0.0
Belarus,2016,12-,3,0.0
Belarus,2016,12-,4,0.0
Belarus,2016,12-,5p,0.0
Belarus,2016,12-,total,0.0
Belarus,2016,20,1,0.04867
Belarus,2016,20,2,0.00997
Belarus,2016,20,3,0.00097
Belarus,2016,20,4,0.00013
Belarus,2016,20,5p,2e-05
Belarus,2016,20,total,0.05976
Belarus,2016,30,1,0.02862
Belarus,2016,30,2,0.0532
Belarus,2016,30,3,0.01733
Belarus,2016,30,4,0.0033
Belarus,2016,30,5p,0.00141
Belarus,2016,30,total,0.10385
Belarus,2016,40,1,0.0016
Belarus,2016,40,2,0.00497
Belarus,2016,40,3,0.00395
Belarus,2016,40,4,0.00156
Belarus,2016,40,5p,0.0012
Belarus,2016,40,total,0.01328
Belarus,2016,50,1,0.0
Belarus,2016,50,2,0.0
Belarus,2016,50,3,0.0
Belarus,2016,50,4,1e-05
Belarus,2016,50,5p,0.0
Belarus,2016,50,total,1e-05
Belarus,2016,55+,1,0.0
Belarus,2016,55+,2,0.0
Belarus,2016,55+,3,0.0
Belarus,2016,55+,4,0.0
Belarus,2016,55+,5p,0.0
Belarus,2016,55+,total,0.0
Belarus,2017,12-,1,0.0
Belarus,2017,12-,2,0.0
Belarus,2017,12-,3,0.0
Belarus,2017,12-,4,0.0
Belarus,2017,12-,5p,0.0
Belarus,2017,12-,total,0.0
Belarus,2017,20,1,0.04144
Belarus,2017,20,2,0.00863
Belarus,2017,20,3,0.00094
Belarus,2017,20,4,7e-05
Belarus,2017,20,5p,2e-05
Belarus,2017,20,total,0.05111
Belarus,2017,30,1,0.02608
Belarus,2017,30,2,0.04695
Belarus,2017,30,3,0.0154
Belarus,2017,30,4,0.00378
Belarus,2017,30,5p,0.00109
Belarus,2017,30,total,0.09329
Belarus,2017,40,1,0.00182
Belarus,2017,40,2,0.00493
Belarus,2017,40,3,0.00418
Belarus,2017,40,4,0.00176
Belarus,2017,40,5p,0.0014
Belarus,2017,40,total,0.01409
Belarus,2017,50,1,0.0
Belarus,2017,50,2,0.0
Belarus,2017,50,3,0.0
Belarus,2017,50,4,0.0
Belarus,2017,50,5p,0.0
Belarus,2017,50,total,0.0
Belarus,2017,55+,1,0.0
Belarus,2017,55+,2,0.0
Belarus,2017,55+,3,0.0
Belarus,2017,55+,4,0.0
Belarus,2017,55+,5p,0.0
Belarus,2017,55+,total,0.0
Belarus,2018,12-,1,0.0
Belarus,2018,12-,2,0.0
Belarus,2018,12-,3,0.0
Belarus,2018,12-,4,0.0
Belarus,2018,12-,5p,0.0
Belarus,2018,12-,total,0.0
Belarus,2018,20,1,0.03779
Belarus,2018,20,2,0.00802
Belarus,2018,20,3,0.00095
Belarus,2018,20,4,7e-05
Belarus,2018,20,5p,0.0
Belarus,2018,20,total,0.04683
Belarus,2018,30,1,0.02405
Belarus,2018,30,2,0.04205
Belarus,2018,30,3,0.01359
Belarus,2018,30,4,0.00304
Belarus,2018,30,5p,0.00148
Belarus,2018,30,total,0.08422
Belarus,2018,40,1,0.00184
Belarus,2018,40,2,0.00421
Belarus,2018,40,3,0.00387
Belarus,2018,40,4,0.00177
Belarus,2018,40,5p,0.00144
Belarus,2018,40,total,0.01314
Belarus,2018,50,1,0.0
Belarus,2018,50,2,2e-05
Belarus,2018,50,3,2e-05
Belarus,2018,50,4,0.0
Belarus,2018,50,5p,0.0
Belarus,2018,50,total,3e-05
Belarus,2018,55+,1,1e-05
Belarus,2018,55+,2,0.0
Belarus,2018,55+,3,1e-05
Belarus,2018,55+,4,1e-05
Belarus,2018,55+,5p,1e-05
Belarus,2018,55+,total,5e-05
