city_id,year,population,status
c-ashmiany,1897,7214,c
c-ashmiany,1959,6900,c
c-ashmiany,1970,9621,c
c-ashmiany,1979,12455,c
c-ashmiany,1989,14748,c
c-ashmiany,1991,15200,e
c-ashmiany,1999,15100,c
c-ashmiany,2004,14900,e
c-ashmiany,2005,14800,e
c-ashmiany,2006,14600,e
c-ashmiany,2007,14400,e
c-ashmiany,2008,14400,e
c-ashmiany,2009,14813,c
c-ashmiany,2011,15046,e
c-ashmiany,2012,15450,e
c-ashmiany,2013,15668,e
c-ashmiany,2014,15813,e
c-ashmiany,2015,16191,e
c-ashmiany,2016,16388,e
c-ashmiany,2017,16684,e
c-ashmiany,2018,16835,e
c-ashmiany,2019,16694,c
c-ashmiany,2021,16966,e
c-ashmiany,2022,16979,e
c-ashmiany,2023,16870,e
c-ashmiany,2024,16787,e
c-ashmiany,2025,16804,e
c-ashmiany,2026,16721,e
c-asipovichy,1923,3550,c
c-asipovichy,1926,4007,c
c-asipovichy,1939,13723,c
c-asipovichy,1959,15777,c
c-asipovichy,1970,19705,c
c-asipovichy,1979,27409,c
c-asipovichy,1989,33803,c
c-asipovichy,1991,34600,e
c-asipovichy,1999,35900,c
c-asipovichy,2004,34700,e
c-asipovichy,2005,34500,e
c-asipovichy,2006,34300,e
c-asipovichy,2007,34100,e
c-asipovichy,2008,33800,e
c-asipovichy,2009,32543,c
c-asipovichy,2011,32021,e
c-asipovichy,2012,31699,e
c-asipovichy,2013,31629,e
c-asipovichy,2014,31487,e
c-asipovichy,2015,31494,e
c-asipovichy,2016,31498,e
c-asipovichy,2017,31298,e
c-asipovichy,2018,31129,e
c-asipovichy,2019,30049,c
c-asipovichy,2021,29981,e
c-asipovichy,2022,29633,e
c-asipovichy,2023,29329,e
c-asipovichy,2024,29103,e
c-asipovichy,2025,28745,e
c-asipovichy,2026,28715,e
c-astraviec,1959,4277,c
c-astraviec,1970,3240,c
c-astraviec,1979,4959,c
c-astraviec,1989,7675,c
c-astraviec,1991,8100,e
c-astraviec,1999,8600,c
c-astraviec,2004,8400,e
c-astraviec,2005,8300,e
c-astraviec,2006,8300,e
c-astraviec,2007,8300,e
c-astraviec,2008,8300,e
c-astraviec,2009,8285,c
c-astraviec,2011,8387,e
c-astraviec,2012,8547,e
c-astraviec,2013,8733,e
c-astraviec,2014,8953,e
c-astraviec,2015,9166,e
c-astraviec,2016,9569,e
c-astraviec,2017,10253,e
c-astraviec,2018,10878,e
c-astraviec,2019,12837,c
c-astraviec,2021,14147,e
c-astraviec,2022,14641,e
c-astraviec,2023,14805,e
c-astraviec,2024,15116,e
c-astraviec,2025,15265,e
c-astraviec,2026,15530,e
c-babrujsk,1897,34336,c
c-babrujsk,1923,33015,c
c-babrujsk,1926,39280,c
c-babrujsk,1939,84078,c
c-babrujsk,1959,97530,c
c-babrujsk,1970,137536,c
c-babrujsk,1979,192207,c
c-babrujsk,1989,221166,c
c-babrujsk,1991,223000,e
c-babrujsk,1999,220700,c
c-babrujsk,2004,220800,e
c-babrujsk,2005,220100,e
c-babrujsk,2006,219100,e
c-babrujsk,2007,218400,e
c-babrujsk,2008,218400,e
c-babrujsk,2009,215092,c
c-babrujsk,2011,215665,e
c-babrujsk,2012,216522,e
c-babrujsk,2013,217127,e
c-babrujsk,2014,217660,e
c-babrujsk,2015,218263,e
c-babrujsk,2016,217975,e
c-babrujsk,2017,217940,e
c-babrujsk,2018,217546,e
c-babrujsk,2019,212283,c
c-babrujsk,2021,211389,e
c-babrujsk,2022,209675,e
c-babrujsk,2023,208611,e
c-babrujsk,2024,207351,e
c-babrujsk,2025,205502,e
c-babrujsk,2026,204103,e
c-baran,1926,882,c
c-baran,1939,1589,c
c-baran,1959,6550,c
c-baran,1970,10342,c
c-baran,1979,9866,c
c-baran,1989,13556,c
c-baran,1991,14100,e
c-baran,1999,12500,c
c-baran,2004,12300,e
c-baran,2005,12200,e
c-baran,2006,12100,e
c-baran,2007,12000,e
c-baran,2008,12000,e
c-baran,2009,11662,c
c-baran,2011,11540,e
c-baran,2012,11477,e
c-baran,2013,11453,e
c-baran,2014,11449,e
c-baran,2015,11466,e
c-baran,2016,11343,e
c-baran,2017,11221,e
c-baran,2018,11154,e
c-baran,2019,10721,c
c-baran,2021,10573,e
c-baran,2022,10395,e
c-baran,2023,10301,e
c-baran,2024,10245,e
c-baran,2025,10131,e
c-baran,2026,9985,e
c-baranavichy,1939,27400,c
c-baranavichy,1959,58064,c
c-baranavichy,1970,101472,c
c-baranavichy,1979,130647,c
c-baranavichy,1989,159315,c
c-baranavichy,1991,166700,e
c-baranavichy,1999,167400,c
c-baranavichy,2004,168600,e
c-baranavichy,2005,168300,e
c-baranavichy,2006,167900,e
c-baranavichy,2007,168000,e
c-baranavichy,2008,168300,e
c-baranavichy,2009,168240,c
c-baranavichy,2011,169094,e
c-baranavichy,2012,169841,e
c-baranavichy,2013,170685,e
c-baranavichy,2014,177177,e
c-baranavichy,2015,178889,e
c-baranavichy,2016,179122,e
c-baranavichy,2017,179439,e
c-baranavichy,2018,179166,e
c-baranavichy,2019,175100,c
c-baranavichy,2021,174183,e
c-baranavichy,2022,173028,e
c-baranavichy,2023,172150,e
c-baranavichy,2024,171361,e
c-baranavichy,2025,170817,e
c-baranavichy,2026,170039,e
c-barysau,1897,15063,c
c-barysau,1923,17613,c
c-barysau,1926,23954,c
c-barysau,1939,49108,c
c-barysau,1959,59280,c
c-barysau,1970,84112,c
c-barysau,1979,111672,c
c-barysau,1989,143792,c
c-barysau,1991,150200,e
c-barysau,1999,150700,c
c-barysau,2004,150400,e
c-barysau,2005,150100,e
c-barysau,2006,149900,e
c-barysau,2007,149700,e
c-barysau,2008,149800,e
c-barysau,2009,147381,c
c-barysau,2011,146440,e
c-barysau,2012,145879,e
c-barysau,2013,145659,e
c-barysau,2014,145223,e
c-barysau,2015,144945,e
c-barysau,2016,143919,e
c-barysau,2017,143287,e
c-barysau,2018,143051,e
c-barysau,2019,141061,c
c-barysau,2021,139481,e
c-barysau,2022,137703,e
c-barysau,2023,136409,e
c-barysau,2024,135696,e
c-barysau,2025,134732,e
c-barysau,2026,133700,e
c-bialynichy,1923,2209,c
c-bialynichy,1926,2425,c
c-bialynichy,1939,3155,c
c-bialynichy,1959,4427,c
c-bialynichy,1970,4929,c
c-bialynichy,1979,8073,c
c-bialynichy,1989,10625,c
c-bialynichy,1991,10700,e
c-bialynichy,1999,11200,c
c-bialynichy,2004,10200,e
c-bialynichy,2005,9900,e
c-bialynichy,2006,9900,e
c-bialynichy,2007,9800,e
c-bialynichy,2008,9700,e
c-bialynichy,2009,10688,c
c-bialynichy,2011,10651,e
c-bialynichy,2012,10639,e
c-bialynichy,2013,10598,e
c-bialynichy,2014,10430,e
c-bialynichy,2015,10316,e
c-bialynichy,2016,10220,e
c-bialynichy,2017,10035,e
c-bialynichy,2018,9887,e
c-bialynichy,2019,10093,c
c-bialynichy,2021,9913,e
c-bialynichy,2022,9806,e
c-bialynichy,2023,9749,e
c-bialynichy,2024,9670,e
c-bialynichy,2025,9553,e
c-bialynichy,2026,9391,e
c-biaroza,1959,5589,c
c-biaroza,1970,9294,c
c-biaroza,1979,13113,c
c-biaroza,1989,23203,c
c-biaroza,1991,26000,e
c-biaroza,1999,29800,c
c-biaroza,2004,29800,e
c-biaroza,2005,29500,e
c-biaroza,2006,29500,e
c-biaroza,2007,29400,e
c-biaroza,2008,29500,e
c-biaroza,2009,29357,c
c-biaroza,2011,29423,e
c-biaroza,2012,29335,e
c-biaroza,2013,29328,e
c-biaroza,2014,29392,e
c-biaroza,2015,29500,e
c-biaroza,2016,29408,e
c-biaroza,2017,29451,e
c-biaroza,2018,29441,e
c-biaroza,2019,28586,c
c-biaroza,2021,28619,e
c-biaroza,2022,28454,e
c-biaroza,2023,28397,e
c-biaroza,2024,28376,e
c-biaroza,2025,28192,e
c-biaroza,2026,27986,e
c-biarozauka,1959,3682,c
c-biarozauka,1970,5601,c
c-biarozauka,1979,8522,c
c-biarozauka,1989,11418,c
c-biarozauka,1991,12000,e
c-biarozauka,1999,12200,c
c-biarozauka,2004,12000,e
c-biarozauka,2005,11900,e
c-biarozauka,2006,11800,e
c-biarozauka,2007,11700,e
c-biarozauka,2008,11700,e
c-biarozauka,2009,10835,c
c-biarozauka,2011,10671,e
c-biarozauka,2012,10643,e
c-biarozauka,2013,10559,e
c-biarozauka,2014,10541,e
c-biarozauka,2015,10533,e
c-biarozauka,2016,10478,e
c-biarozauka,2017,10393,e
c-biarozauka,2018,10311,e
c-biarozauka,2019,10326,c
c-biarozauka,2021,10081,e
c-biarozauka,2022,9900,e
c-biarozauka,2023,9657,e
c-biarozauka,2024,9521,e
c-biarozauka,2025,9395,e
c-biarozauka,2026,9172,e
c-bielaaziorsk,1970,6341,c
c-bielaaziorsk,1979,9102,c
c-bielaaziorsk,1989,10698,c
c-bielaaziorsk,1991,11400,e
c-bielaaziorsk,1999,13200,c
c-bielaaziorsk,2004,13200,e
c-bielaaziorsk,2005,13100,e
c-bielaaziorsk,2006,13000,e
c-bielaaziorsk,2007,12900,e
c-bielaaziorsk,2008,12800,e
c-bielaaziorsk,2009,12519,c
c-bielaaziorsk,2011,12479,e
c-bielaaziorsk,2012,12508,e
c-bielaaziorsk,2013,12462,e
c-bielaaziorsk,2014,12467,e
c-bielaaziorsk,2015,12606,e
c-bielaaziorsk,2016,12468,e
c-bielaaziorsk,2017,12421,e
c-bielaaziorsk,2018,12304,e
c-bielaaziorsk,2019,11266,c
c-bielaaziorsk,2021,11115,e
c-bielaaziorsk,2022,11010,e
c-bielaaziorsk,2023,10997,e
c-bielaaziorsk,2024,10984,e
c-bielaaziorsk,2025,10917,e
c-bielaaziorsk,2026,10747,e
c-bierazino,1923,2270,c
c-bierazino,1926,2969,c
c-bierazino,1939,4830,c
c-bierazino,1959,4849,c
c-bierazino,1970,6857,c
c-bierazino,1979,9274,c
c-bierazino,1989,12665,c
c-bierazino,1991,12900,e
c-bierazino,1999,13300,c
c-bierazino,2004,13100,e
c-bierazino,2005,13000,e
c-bierazino,2006,12900,e
c-bierazino,2007,12800,e
c-bierazino,2008,12700,e
c-bierazino,2009,12020,c
c-bierazino,2011,11997,e
c-bierazino,2012,11943,e
c-bierazino,2013,11984,e
c-bierazino,2014,11907,e
c-bierazino,2015,11914,e
c-bierazino,2016,11832,e
c-bierazino,2017,11698,e
c-bierazino,2018,11672,e
c-bierazino,2019,11392,c
c-bierazino,2021,11450,e
c-bierazino,2022,11462,e
c-bierazino,2023,11395,e
c-bierazino,2024,11366,e
c-bierazino,2025,11250,e
c-bierazino,2026,11125,e
c-braslau,1959,4170,c
c-braslau,1970,5765,c
c-braslau,1979,7703,c
c-braslau,1989,9546,c
c-braslau,1991,10000,e
c-braslau,1999,10100,c
c-braslau,2004,10100,e
c-braslau,2005,10000,e
c-braslau,2006,9900,e
c-braslau,2007,9800,e
c-braslau,2008,9800,e
c-braslau,2009,9516,c
c-braslau,2011,9554,e
c-braslau,2012,9540,e
c-braslau,2013,9593,e
c-braslau,2014,9689,e
c-braslau,2015,9710,e
c-braslau,2016,9857,e
c-braslau,2017,9817,e
c-braslau,2018,9829,e
c-braslau,2019,9400,c
c-braslau,2021,9390,e
c-braslau,2022,9427,e
c-braslau,2023,9426,e
c-braslau,2024,9419,e
c-braslau,2025,9338,e
c-braslau,2026,9266,e
c-brest,1897,46568,c
c-brest,1939,41400,c
c-brest,1959,73614,c
c-brest,1970,121629,c
c-brest,1979,177249,c
c-brest,1989,258016,c
c-brest,1991,277000,e
c-brest,1999,286400,c
c-brest,2004,298300,e
c-brest,2005,300100,e
c-brest,2006,301400,e
c-brest,2007,303300,e
c-brest,2008,314800,e
c-brest,2009,309764,c
c-brest,2011,315824,e
c-brest,2012,320920,e
c-brest,2013,326428,e
c-brest,2014,330934,e
c-brest,2015,335645,e
c-brest,2016,340141,e
c-brest,2017,343985,e
c-brest,2018,347576,e
c-brest,2019,338979,c
c-brest,2021,340318,e
c-brest,2022,340723,e
c-brest,2023,342461,e
c-brest,2024,344470,e
c-brest,2025,346061,e
c-brest,2026,347138,e
c-bychau,1897,6381,c
c-bychau,1923,7987,c
c-bychau,1926,7257,c
c-bychau,1939,11026,c
c-bychau,1959,13227,c
c-bychau,1970,17371,c
c-bychau,1979,18048,c
c-bychau,1989,20049,c
c-bychau,1991,22000,e
c-bychau,1999,18400,c
c-bychau,2004,17300,e
c-bychau,2005,17000,e
c-bychau,2006,16700,e
c-bychau,2007,16400,e
c-bychau,2008,16200,e
c-bychau,2009,17031,c
c-bychau,2011,16905,e
c-bychau,2012,16890,e
c-bychau,2013,16818,e
c-bychau,2014,16789,e
c-bychau,2015,16934,e
c-bychau,2016,17012,e
c-bychau,2017,17082,e
c-bychau,2018,17185,e
c-bychau,2019,17128,c
c-bychau,2021,16922,e
c-bychau,2022,16601,e
c-bychau,2023,16426,e
c-bychau,2024,16349,e
c-bychau,2025,16296,e
c-bychau,2026,16111,e
c-chashniki,1923,2430,c
c-chashniki,1926,2865,c
c-chashniki,1939,3505,c
c-chashniki,1959,3016,c
c-chashniki,1970,6595,c
c-chashniki,1979,7564,c
c-chashniki,1989,10071,c
c-chashniki,1991,10500,e
c-chashniki,1999,10100,c
c-chashniki,2004,9700,e
c-chashniki,2005,9700,e
c-chashniki,2006,9600,e
c-chashniki,2007,9500,e
c-chashniki,2008,9400,e
c-chashniki,2009,9203,c
c-chashniki,2011,9077,e
c-chashniki,2012,9083,e
c-chashniki,2013,9009,e
c-chashniki,2014,8958,e
c-chashniki,2015,8907,e
c-chashniki,2016,8839,e
c-chashniki,2017,8752,e
c-chashniki,2018,8817,e
c-chashniki,2019,8217,c
c-chashniki,2021,8092,e
c-chashniki,2022,7912,e
c-chashniki,2023,7843,e
c-chashniki,2024,7736,e
c-chashniki,2025,7573,e
c-chashniki,2026,7489,e
c-chavusy,1897,4960,c
c-chavusy,1923,5090,c
c-chavusy,1926,5097,c
c-chavusy,1939,7222,c
c-chavusy,1959,6336,c
c-chavusy,1970,7784,c
c-chavusy,1979,10027,c
c-chavusy,1989,12460,c
c-chavusy,1991,12500,e
c-chavusy,1999,11400,c
c-chavusy,2004,10800,e
c-chavusy,2005,10700,e
c-chavusy,2006,10600,e
c-chavusy,2007,10500,e
c-chavusy,2008,10400,e
c-chavusy,2009,10692,c
c-chavusy,2011,10721,e
c-chavusy,2012,10741,e
c-chavusy,2013,10749,e
c-chavusy,2014,10651,e
c-chavusy,2015,10486,e
c-chavusy,2016,10525,e
c-chavusy,2017,10525,e
c-chavusy,2018,10505,e
c-chavusy,2019,10360,c
c-chavusy,2021,10289,e
c-chavusy,2022,10042,e
c-chavusy,2023,9944,e
c-chavusy,2024,9817,e
c-chavusy,2025,9690,e
c-chavusy,2026,9554,e
c-chervien,1897,4573,c
c-chervien,1923,5369,c
c-chervien,1926,4546,c
c-chervien,1939,6376,c
c-chervien,1959,8160,c
c-chervien,1970,10136,c
c-chervien,1979,11461,c
c-chervien,1989,11460,c
c-chervien,1991,11600,e
c-chervien,1999,11200,c
c-chervien,2004,10600,e
c-chervien,2005,10300,e
c-chervien,2006,10100,e
c-chervien,2007,10000,e
c-chervien,2008,9900,e
c-chervien,2009,10150,c
c-chervien,2011,10032,e
c-chervien,2012,9886,e
c-chervien,2013,9842,e
c-chervien,2014,9777,e
c-chervien,2015,9752,e
c-chervien,2016,9718,e
c-chervien,2017,9656,e
c-chervien,2018,9619,e
c-chervien,2019,10680,c
c-chervien,2021,10734,e
c-chervien,2022,10624,e
c-chervien,2023,10542,e
c-chervien,2024,10545,e
c-chervien,2025,10595,e
c-chervien,2026,10617,e
c-chojniki,1923,4220,c
c-chojniki,1926,4761,c
c-chojniki,1939,3439,c
c-chojniki,1959,10128,c
c-chojniki,1970,9473,c
c-chojniki,1979,15121,c
c-chojniki,1989,17113,c
c-chojniki,1991,15100,e
c-chojniki,1999,15000,c
c-chojniki,2004,14200,e
c-chojniki,2005,13900,e
c-chojniki,2006,13700,e
c-chojniki,2007,13500,e
c-chojniki,2008,13300,e
c-chojniki,2009,13844,c
c-chojniki,2011,13862,e
c-chojniki,2012,13578,e
c-chojniki,2013,13320,e
c-chojniki,2014,13088,e
c-chojniki,2015,12896,e
c-chojniki,2016,12698,e
c-chojniki,2017,12500,e
c-chojniki,2018,12472,e
c-chojniki,2019,13353,c
c-chojniki,2021,13439,e
c-chojniki,2022,13278,e
c-chojniki,2023,13248,e
c-chojniki,2024,13167,e
c-chojniki,2025,13001,e
c-chojniki,2026,12873,e
c-dobrush,1923,4595,c
c-dobrush,1926,5915,c
c-dobrush,1939,13815,c
c-dobrush,1959,14270,c
c-dobrush,1970,16809,c
c-dobrush,1979,19175,c
c-dobrush,1989,20750,c
c-dobrush,1991,20100,e
c-dobrush,1999,19700,c
c-dobrush,2004,19200,e
c-dobrush,2005,19200,e
c-dobrush,2006,19000,e
c-dobrush,2007,18800,e
c-dobrush,2008,18700,e
c-dobrush,2009,18330,c
c-dobrush,2011,18244,e
c-dobrush,2012,18214,e
c-dobrush,2013,18183,e
c-dobrush,2014,18095,e
c-dobrush,2015,18113,e
c-dobrush,2016,18380,e
c-dobrush,2017,18760,e
c-dobrush,2018,18388,e
c-dobrush,2019,18311,c
c-dobrush,2021,18311,e
c-dobrush,2022,18208,e
c-dobrush,2023,18137,e
c-dobrush,2024,18083,e
c-dobrush,2025,17901,e
c-dobrush,2026,17790,e
c-drahichyn,1897,1707,c
c-drahichyn,1959,3509,c
c-drahichyn,1970,7029,c
c-drahichyn,1979,9700,c
c-drahichyn,1989,13400,c
c-drahichyn,1991,14600,e
c-drahichyn,1999,15000,c
c-drahichyn,2004,15100,e
c-drahichyn,2005,15000,e
c-drahichyn,2006,15000,e
c-drahichyn,2007,15000,e
c-drahichyn,2008,15000,e
c-drahichyn,2009,14744,c
c-drahichyn,2011,14632,e
c-drahichyn,2012,14618,e
c-drahichyn,2013,14651,e
c-drahichyn,2014,14775,e
c-drahichyn,2015,14800,e
c-drahichyn,2016,14898,e
c-drahichyn,2017,14976,e
c-drahichyn,2018,14910,e
c-drahichyn,2019,14846,c
c-drahichyn,2021,14963,e
c-drahichyn,2022,14855,e
c-drahichyn,2023,14856,e
c-drahichyn,2024,14804,e
c-drahichyn,2025,14743,e
c-drahichyn,2026,14659,e
c-dziarzhynsk,1939,8673,c
c-dziarzhynsk,1959,7777,c
c-dziarzhynsk,1970,10889,c
c-dziarzhynsk,1979,15785,c
c-dziarzhynsk,1989,22904,c
c-dziarzhynsk,1991,23700,e
c-dziarzhynsk,1999,23800,c
c-dziarzhynsk,2004,24500,e
c-dziarzhynsk,2005,24700,e
c-dziarzhynsk,2006,24800,e
c-dziarzhynsk,2007,24800,e
c-dziarzhynsk,2008,24900,e
c-dziarzhynsk,2009,25164,c
c-dziarzhynsk,2011,25410,e
c-dziarzhynsk,2012,25670,e
c-dziarzhynsk,2013,26052,e
c-dziarzhynsk,2014,26338,e
c-dziarzhynsk,2015,26972,e
c-dziarzhynsk,2016,27225,e
c-dziarzhynsk,2017,27441,e
c-dziarzhynsk,2018,27839,e
c-dziarzhynsk,2019,29170,c
c-dziarzhynsk,2021,29739,e
c-dziarzhynsk,2022,29863,e
c-dziarzhynsk,2023,29811,e
c-dziarzhynsk,2024,29796,e
c-dziarzhynsk,2025,29630,e
c-dziarzhynsk,2026,29607,e
c-fanipal,1989,8729,c
c-fanipal,1991,9200,e
c-fanipal,1999,11300,c
c-fanipal,2004,11900,e
c-fanipal,2005,12000,e
c-fanipal,2006,12100,e
c-fanipal,2007,12200,e
c-fanipal,2008,12300,e
c-fanipal,2009,12718,c
c-fanipal,2011,12957,e
c-fanipal,2012,13116,e
c-fanipal,2013,13260,e
c-fanipal,2014,13826,e
c-fanipal,2015,14223,e
c-fanipal,2016,15198,e
c-fanipal,2017,15922,e
c-fanipal,2018,16444,e
c-fanipal,2019,17099,c
c-fanipal,2021,17507,e
c-fanipal,2022,17493,e
c-fanipal,2023,17768,e
c-fanipal,2024,18252,e
c-fanipal,2025,18684,e
c-fanipal,2026,19006,e
c-hancavichy,1959,3558,c
c-hancavichy,1970,5226,c
c-hancavichy,1979,8464,c
c-hancavichy,1989,14117,c
c-hancavichy,1991,14500,e
c-hancavichy,1999,14800,c
c-hancavichy,2004,14800,e
c-hancavichy,2005,14700,e
c-hancavichy,2006,14700,e
c-hancavichy,2007,14800,e
c-hancavichy,2008,14800,e
c-hancavichy,2009,13894,c
c-hancavichy,2011,13813,e
c-hancavichy,2012,13861,e
c-hancavichy,2013,13897,e
c-hancavichy,2014,13982,e
c-hancavichy,2015,14043,e
c-hancavichy,2016,13887,e
c-hancavichy,2017,13925,e
c-hancavichy,2018,13925,e
c-hancavichy,2019,13759,c
c-hancavichy,2021,13777,e
c-hancavichy,2022,13621,e
c-hancavichy,2023,13486,e
c-hancavichy,2024,13355,e
c-hancavichy,2025,13248,e
c-hancavichy,2026,13155,e
c-haradok,1897,5023,c
c-haradok,1923,6421,c
c-haradok,1926,5516,c
c-haradok,1939,7297,c
c-haradok,1959,7602,c
c-haradok,1970,9508,c
c-haradok,1979,12263,c
c-haradok,1989,14338,c
c-haradok,1991,14500,e
c-haradok,1999,14100,c
c-haradok,2004,14000,e
c-haradok,2005,14000,e
c-haradok,2006,13800,e
c-haradok,2007,13800,e
c-haradok,2008,13800,e
c-haradok,2009,12968,c
c-haradok,2011,12574,e
c-haradok,2012,12436,e
c-haradok,2013,12058,e
c-haradok,2014,12257,e
c-haradok,2015,12251,e
c-haradok,2016,12186,e
c-haradok,2017,12193,e
c-haradok,2018,12332,e
c-haradok,2019,11766,c
c-haradok,2021,11814,e
c-haradok,2022,11629,e
c-haradok,2023,11570,e
c-haradok,2024,11533,e
c-haradok,2025,11321,e
c-haradok,2026,11216,e
c-hlybokaje,1959,7359,c
c-hlybokaje,1970,11928,c
c-hlybokaje,1979,15387,c
c-hlybokaje,1989,17019,c
c-hlybokaje,1991,17600,e
c-hlybokaje,1999,19500,c
c-hlybokaje,2004,19500,e
c-hlybokaje,2005,19500,e
c-hlybokaje,2006,19500,e
c-hlybokaje,2007,19500,e
c-hlybokaje,2008,19400,e
c-hlybokaje,2009,18082,c
c-hlybokaje,2011,18423,e
c-hlybokaje,2012,18481,e
c-hlybokaje,2013,18534,e
c-hlybokaje,2014,18709,e
c-hlybokaje,2015,18856,e
c-hlybokaje,2016,18921,e
c-hlybokaje,2017,19038,e
c-hlybokaje,2018,19084,e
c-hlybokaje,2019,17680,c
c-hlybokaje,2021,17790,e
c-hlybokaje,2022,17694,e
c-hlybokaje,2023,17707,e
c-hlybokaje,2024,17746,e
c-hlybokaje,2025,17807,e
c-hlybokaje,2026,17720,e
c-homiel,1897,36775,c
c-homiel,1923,75401,c
c-homiel,1926,82952,c
c-homiel,1939,139120,c
c-homiel,1959,168270,c
c-homiel,1970,272253,c
c-homiel,1979,382785,c
c-homiel,1989,500846,c
c-homiel,1991,503300,e
c-homiel,1999,475500,c
c-homiel,2004,481200,e
c-homiel,2005,481500,e
c-homiel,2006,481500,e
c-homiel,2007,481400,e
c-homiel,2008,484500,e
c-homiel,2009,482652,c
c-homiel,2011,491790,e
c-homiel,2012,498075,e
c-homiel,2013,505362,e
c-homiel,2014,512314,e
c-homiel,2015,516976,e
c-homiel,2016,521452,e
c-homiel,2017,535229,e
c-homiel,2018,535693,e
c-homiel,2019,510459,c
c-homiel,2021,507795,e
c-homiel,2022,503984,e
c-homiel,2023,501802,e
c-homiel,2024,501102,e
c-homiel,2025,501193,e
c-homiel,2026,499853,e
c-horki,1897,6735,c
c-horki,1923,7829,c
c-horki,1926,8527,c
c-horki,1939,12475,c
c-horki,1959,15099,c
c-horki,1970,22117,c
c-horki,1979,26627,c
c-horki,1989,30905,c
c-horki,1991,32600,e
c-horki,1999,33000,c
c-horki,2004,33900,e
c-horki,2005,34000,e
c-horki,2006,34300,e
c-horki,2007,34600,e
c-horki,2008,34700,e
c-horki,2009,32777,c
c-horki,2011,31569,e
c-horki,2012,30926,e
c-horki,2013,31432,e
c-horki,2014,31988,e
c-horki,2015,32943,e
c-horki,2016,33830,e
c-horki,2017,34553,e
c-horki,2018,34008,e
c-horki,2019,30371,c
c-horki,2021,30390,e
c-horki,2022,30010,e
c-horki,2023,29152,e
c-horki,2024,28961,e
c-horki,2025,28626,e
c-horki,2026,28334,e
c-hrodna,1897,46919,c
c-hrodna,1939,49200,c
c-hrodna,1959,72943,c
c-hrodna,1970,132471,c
c-hrodna,1979,194775,c
c-hrodna,1989,270535,c
c-hrodna,1991,284800,e
c-hrodna,1999,301600,c
c-hrodna,2004,314800,e
c-hrodna,2005,316700,e
c-hrodna,2006,318600,e
c-hrodna,2007,321800,e
c-hrodna,2008,325800,e
c-hrodna,2009,327540,c
c-hrodna,2011,338287,e
c-hrodna,2012,346601,e
c-hrodna,2013,352485,e
c-hrodna,2014,356557,e
c-hrodna,2015,361352,e
c-hrodna,2016,365610,e
c-hrodna,2017,368710,e
c-hrodna,2018,370919,e
c-hrodna,2019,355932,c
c-hrodna,2021,357510,e
c-hrodna,2022,357493,e
c-hrodna,2023,358717,e
c-hrodna,2024,361115,e
c-hrodna,2025,363718,e
c-hrodna,2026,364902,e
c-ivacevichy,1959,5190,c
c-ivacevichy,1970,7845,c
c-ivacevichy,1979,11178,c
c-ivacevichy,1989,17219,c
c-ivacevichy,1991,18700,e
c-ivacevichy,1999,23900,c
c-ivacevichy,2004,24100,e
c-ivacevichy,2005,24200,e
c-ivacevichy,2006,24200,e
c-ivacevichy,2007,24100,e
c-ivacevichy,2008,24200,e
c-ivacevichy,2009,22958,c
c-ivacevichy,2011,23114,e
c-ivacevichy,2012,23269,e
c-ivacevichy,2013,23278,e
c-ivacevichy,2014,23280,e
c-ivacevichy,2015,23394,e
c-ivacevichy,2016,23280,e
c-ivacevichy,2017,23440,e
c-ivacevichy,2018,23458,e
c-ivacevichy,2019,22494,c
c-ivacevichy,2021,22522,e
c-ivacevichy,2022,22471,e
c-ivacevichy,2023,22487,e
c-ivacevichy,2024,22377,e
c-ivacevichy,2025,22264,e
c-ivacevichy,2026,22189,e
c-ivanava,1959,3867,c
c-ivanava,1970,5401,c
c-ivanava,1979,9912,c
c-ivanava,1989,13581,c
c-ivanava,1991,14600,e
c-ivanava,1999,15900,c
c-ivanava,2004,16300,e
c-ivanava,2005,16500,e
c-ivanava,2006,16400,e
c-ivanava,2007,16500,e
c-ivanava,2008,16800,e
c-ivanava,2009,16086,c
c-ivanava,2011,16282,e
c-ivanava,2012,16381,e
c-ivanava,2013,16456,e
c-ivanava,2014,16594,e
c-ivanava,2015,16597,e
c-ivanava,2016,16450,e
c-ivanava,2017,16465,e
c-ivanava,2018,16417,e
c-ivanava,2019,16637,c
c-ivanava,2021,16498,e
c-ivanava,2022,16377,e
c-ivanava,2023,16272,e
c-ivanava,2024,16172,e
c-ivanava,2025,16017,e
c-ivanava,2026,15833,e
c-jelsk,1939,3878,c
c-jelsk,1959,6112,c
c-jelsk,1970,6466,c
c-jelsk,1979,8424,c
c-jelsk,1989,9632,c
c-jelsk,1991,10600,e
c-jelsk,1999,10400,c
c-jelsk,2004,10000,e
c-jelsk,2005,10000,e
c-jelsk,2006,9800,e
c-jelsk,2007,9700,e
c-jelsk,2008,9600,e
c-jelsk,2009,9725,c
c-jelsk,2011,9538,e
c-jelsk,2012,9414,e
c-jelsk,2013,9369,e
c-jelsk,2014,9309,e
c-jelsk,2015,9319,e
c-jelsk,2016,9262,e
c-jelsk,2017,9084,e
c-jelsk,2018,9046,e
c-jelsk,2019,9160,c
c-jelsk,2021,9088,e
c-jelsk,2022,8986,e
c-jelsk,2023,8864,e
c-jelsk,2024,8724,e
c-jelsk,2025,8623,e
c-jelsk,2026,8554,e
c-kalinkavichy,1923,5182,c
c-kalinkavichy,1926,6103,c
c-kalinkavichy,1939,9799,c
c-kalinkavichy,1959,14942,c
c-kalinkavichy,1970,23918,c
c-kalinkavichy,1979,33405,c
c-kalinkavichy,1989,40980,c
c-kalinkavichy,1991,40600,e
c-kalinkavichy,1999,38200,c
c-kalinkavichy,2004,37800,e
c-kalinkavichy,2005,37800,e
c-kalinkavichy,2006,37700,e
c-kalinkavichy,2007,37800,e
c-kalinkavichy,2008,38000,e
c-kalinkavichy,2009,38381,c
c-kalinkavichy,2011,38381,e
c-kalinkavichy,2012,38884,e
c-kalinkavichy,2013,39220,e
c-kalinkavichy,2014,39325,e
c-kalinkavichy,2015,39611,e
c-kalinkavichy,2016,39890,e
c-kalinkavichy,2017,40315,e
c-kalinkavichy,2018,40282,e
c-kalinkavichy,2019,37674,c
c-kalinkavichy,2021,37633,e
c-kalinkavichy,2022,37226,e
c-kalinkavichy,2023,37050,e
c-kalinkavichy,2024,36941,e
c-kalinkavichy,2025,36656,e
c-kalinkavichy,2026,36549,e
c-kapyl,1923,3563,c
c-kapyl,1926,3927,c
c-kapyl,1939,5133,c
c-kapyl,1959,5444,c
c-kapyl,1970,4654,c
c-kapyl,1979,6764,c
c-kapyl,1989,9538,c
c-kapyl,1991,10100,e
c-kapyl,1999,10800,c
c-kapyl,2004,10700,e
c-kapyl,2005,10600,e
c-kapyl,2006,10600,e
c-kapyl,2007,10500,e
c-kapyl,2008,10400,e
c-kapyl,2009,9938,c
c-kapyl,2011,9922,e
c-kapyl,2012,9882,e
c-kapyl,2013,9858,e
c-kapyl,2014,9834,e
c-kapyl,2015,9733,e
c-kapyl,2016,9620,e
c-kapyl,2017,9526,e
c-kapyl,2018,9489,e
c-kapyl,2019,10425,c
c-kapyl,2021,10367,e
c-kapyl,2022,10192,e
c-kapyl,2023,10087,e
c-kapyl,2024,9985,e
c-kapyl,2025,9887,e
c-kapyl,2026,9767,e
c-kasciukovichy,1923,3206,c
c-kasciukovichy,1926,3238,c
c-kasciukovichy,1939,6092,c
c-kasciukovichy,1959,8120,c
c-kasciukovichy,1970,6998,c
c-kasciukovichy,1979,9214,c
c-kasciukovichy,1989,13235,c
c-kasciukovichy,1991,14700,e
c-kasciukovichy,1999,17200,c
c-kasciukovichy,2004,16200,e
c-kasciukovichy,2005,15800,e
c-kasciukovichy,2006,15600,e
c-kasciukovichy,2007,15300,e
c-kasciukovichy,2008,15100,e
c-kasciukovichy,2009,15993,c
c-kasciukovichy,2011,15846,e
c-kasciukovichy,2012,15875,e
c-kasciukovichy,2013,15879,e
c-kasciukovichy,2014,15872,e
c-kasciukovichy,2015,15887,e
c-kasciukovichy,2016,15850,e
c-kasciukovichy,2017,15855,e
c-kasciukovichy,2018,15977,e
c-kasciukovichy,2019,15617,c
c-kasciukovichy,2021,15480,e
c-kasciukovichy,2022,15273,e
c-kasciukovichy,2023,15089,e
c-kasciukovichy,2024,14870,e
c-kasciukovichy,2025,14757,e
c-kasciukovichy,2026,14578,e
c-kleck,1959,4051,c
c-kleck,1970,5704,c
c-kleck,1979,6954,c
c-kleck,1989,10508,c
c-kleck,1991,11000,e
c-kleck,1999,11200,c
c-kleck,2004,10700,e
c-kleck,2005,10500,e
c-kleck,2006,10400,e
c-kleck,2007,10100,e
c-kleck,2008,10000,e
c-kleck,2009,10761,c
c-kleck,2011,10847,e
c-kleck,2012,10859,e
c-kleck,2013,11021,e
c-kleck,2014,11075,e
c-kleck,2015,11237,e
c-kleck,2016,11317,e
c-kleck,2017,11348,e
c-kleck,2018,11483,e
c-kleck,2019,11363,c
c-kleck,2021,11462,e
c-kleck,2022,11383,e
c-kleck,2023,11350,e
c-kleck,2024,11248,e
c-kleck,2025,11169,e
c-kleck,2026,11072,e
c-klimavichy,1897,4714,c
c-klimavichy,1923,6506,c
c-klimavichy,1926,7590,c
c-klimavichy,1939,9551,c
c-klimavichy,1959,11586,c
c-klimavichy,1970,12723,c
c-klimavichy,1979,14953,c
c-klimavichy,1989,16535,c
c-klimavichy,1991,16500,e
c-klimavichy,1999,17100,c
c-klimavichy,2004,15900,e
c-klimavichy,2005,15600,e
c-klimavichy,2006,15400,e
c-klimavichy,2007,15100,e
c-klimavichy,2008,14700,e
c-klimavichy,2009,17064,c
c-klimavichy,2011,16602,e
c-klimavichy,2012,16508,e
c-klimavichy,2013,16383,e
c-klimavichy,2014,16263,e
c-klimavichy,2015,16374,e
c-klimavichy,2016,16445,e
c-klimavichy,2017,16346,e
c-klimavichy,2018,16270,e
c-klimavichy,2019,15527,c
c-klimavichy,2021,15408,e
c-klimavichy,2022,15244,e
c-klimavichy,2023,15121,e
c-klimavichy,2024,15020,e
c-klimavichy,2025,14868,e
c-klimavichy,2026,14663,e
c-kobryn,1897,10408,c
c-kobryn,1939,15300,c
c-kobryn,1959,13686,c
c-kobryn,1970,24934,c
c-kobryn,1979,31811,c
c-kobryn,1989,44829,c
c-kobryn,1991,48300,e
c-kobryn,1999,50700,c
c-kobryn,2004,50800,e
c-kobryn,2005,50600,e
c-kobryn,2006,50500,e
c-kobryn,2007,50500,e
c-kobryn,2008,50900,e
c-kobryn,2009,51166,c
c-kobryn,2011,51364,e
c-kobryn,2012,51687,e
c-kobryn,2013,52001,e
c-kobryn,2014,52489,e
c-kobryn,2015,52711,e
c-kobryn,2016,52655,e
c-kobryn,2017,52964,e
c-kobryn,2018,53177,e
c-kobryn,2019,52520,c
c-kobryn,2021,52843,e
c-kobryn,2022,52699,e
c-kobryn,2023,52670,e
c-kobryn,2024,52635,e
c-kobryn,2025,52432,e
c-kobryn,2026,52235,e
c-krychau,1923,6199,c
c-krychau,1926,6364,c
c-krychau,1939,15993,c
c-krychau,1959,19028,c
c-krychau,1970,25682,c
c-krychau,1979,30447,c
c-krychau,1989,32908,c
c-krychau,1991,32600,e
c-krychau,1999,29600,c
c-krychau,2004,28200,e
c-krychau,2005,28000,e
c-krychau,2006,27700,e
c-krychau,2007,27400,e
c-krychau,2008,27000,e
c-krychau,2009,27202,c
c-krychau,2011,26844,e
c-krychau,2012,26609,e
c-krychau,2013,26513,e
c-krychau,2014,26369,e
c-krychau,2015,26385,e
c-krychau,2016,26325,e
c-krychau,2017,26178,e
c-krychau,2018,26007,e
c-krychau,2019,24494,c
c-krychau,2021,24170,e
c-krychau,2022,23704,e
c-krychau,2023,23469,e
c-krychau,2024,23264,e
c-krychau,2025,22973,e
c-krychau,2026,22764,e
c-lachavichy,1959,4490,c
c-lachavichy,1970,5499,c
c-lachavichy,1979,7728,c
c-lachavichy,1989,10664,c
c-lachavichy,1991,11100,e
c-lachavichy,1999,11500,c
c-lachavichy,2004,11600,e
c-lachavichy,2005,11600,e
c-lachavichy,2006,11600,e
c-lachavichy,2007,11600,e
c-lachavichy,2008,11700,e
c-lachavichy,2009,10997,c
c-lachavichy,2011,10889,e
c-lachavichy,2012,10900,e
c-lachavichy,2013,11007,e
c-lachavichy,2014,10918,e
c-lachavichy,2015,10873,e
c-lachavichy,2016,10902,e
c-lachavichy,2017,10919,e
c-lachavichy,2018,10908,e
c-lachavichy,2019,10701,c
c-lachavichy,2021,10607,e
c-lachavichy,2022,10584,e
c-lachavichy,2023,10613,e
c-lachavichy,2024,10605,e
c-lachavichy,2025,10537,e
c-lachavichy,2026,10473,e
c-lahojsk,1939,3400,c
c-lahojsk,1959,5545,c
c-lahojsk,1970,4226,c
c-lahojsk,1979,5320,c
c-lahojsk,1989,7992,c
c-lahojsk,1991,9000,e
c-lahojsk,1999,9500,c
c-lahojsk,2004,9900,e
c-lahojsk,2005,10100,e
c-lahojsk,2006,10100,e
c-lahojsk,2007,10300,e
c-lahojsk,2008,10700,e
c-lahojsk,2009,10706,c
c-lahojsk,2011,11275,e
c-lahojsk,2012,11549,e
c-lahojsk,2013,11825,e
c-lahojsk,2014,12129,e
c-lahojsk,2015,12376,e
c-lahojsk,2016,12739,e
c-lahojsk,2017,12950,e
c-lahojsk,2018,13099,e
c-lahojsk,2019,15121,c
c-lahojsk,2021,15336,e
c-lahojsk,2022,15442,e
c-lahojsk,2023,15515,e
c-lahojsk,2024,15565,e
c-lahojsk,2025,15567,e
c-lahojsk,2026,15543,e
c-lelchycy,1939,2552,c
c-lelchycy,1959,3311,c
c-lelchycy,1970,4954,c
c-lelchycy,1979,6680,c
c-lelchycy,1989,8682,c
c-lelchycy,1991,8700,e
c-lelchycy,1999,9700,c
c-lelchycy,2004,9000,e
c-lelchycy,2005,8900,e
c-lelchycy,2006,8900,e
c-lelchycy,2007,8900,e
c-lelchycy,2008,8900,e
c-lelchycy,2009,10606,c
c-lelchycy,2011,10755,e
c-lelchycy,2012,10809,e
c-lelchycy,2013,10804,e
c-lelchycy,2014,10827,e
c-lelchycy,2015,11070,e
c-lelchycy,2016,11310,e
c-lelchycy,2017,11393,e
c-lelchycy,2018,11498,e
c-lelchycy,2019,12129,c
c-lelchycy,2021,12382,e
c-lelchycy,2022,12406,e
c-lelchycy,2023,12378,e
c-lelchycy,2024,12334,e
c-lelchycy,2025,12243,e
c-lelchycy,2026,12220,e
c-lepiel,1897,6284,c
c-lepiel,1923,4143,c
c-lepiel,1926,4800,c
c-lepiel,1939,13784,c
c-lepiel,1959,9683,c
c-lepiel,1970,13109,c
c-lepiel,1979,16479,c
c-lepiel,1989,19087,c
c-lepiel,1991,19600,e
c-lepiel,1999,19000,c
c-lepiel,2004,18700,e
c-lepiel,2005,18800,e
c-lepiel,2006,18800,e
c-lepiel,2007,18700,e
c-lepiel,2008,18600,e
c-lepiel,2009,17280,c
c-lepiel,2011,17427,e
c-lepiel,2012,17543,e
c-lepiel,2013,17577,e
c-lepiel,2014,17608,e
c-lepiel,2015,17630,e
c-lepiel,2016,17690,e
c-lepiel,2017,17822,e
c-lepiel,2018,17828,e
c-lepiel,2019,17517,c
c-lepiel,2021,17428,e
c-lepiel,2022,17219,e
c-lepiel,2023,17182,e
c-lepiel,2024,17106,e
c-lepiel,2025,16895,e
c-lepiel,2026,16736,e
c-lida,1897,9323,c
c-lida,1939,33400,c
c-lida,1959,28541,c
c-lida,1970,47578,c
c-lida,1979,65500,c
c-lida,1989,91007,c
c-lida,1991,95000,e
c-lida,1999,100700,c
c-lida,2004,98200,e
c-lida,2005,97400,e
c-lida,2006,96500,e
c-lida,2007,96000,e
c-lida,2008,95700,e
c-lida,2009,97629,c
c-lida,2011,98207,e
c-lida,2012,98744,e
c-lida,2013,99430,e
c-lida,2014,99928,e
c-lida,2015,99976,e
c-lida,2016,100443,e
c-lida,2017,101165,e
c-lida,2018,101616,e
c-lida,2019,102748,c
c-lida,2021,103391,e
c-lida,2022,103479,e
c-lida,2023,103915,e
c-lida,2024,103916,e
c-lida,2025,103262,e
c-lida,2026,102603,e
c-luban,1923,1468,c
c-luban,1926,2160,c
c-luban,1939,3048,c
c-luban,1959,3667,c
c-luban,1970,6697,c
c-luban,1979,8388,c
c-luban,1989,11049,c
c-luban,1991,11600,e
c-luban,1999,11700,c
c-luban,2004,11800,e
c-luban,2005,11700,e
c-luban,2006,11700,e
c-luban,2007,11700,e
c-luban,2008,11800,e
c-luban,2009,11256,c
c-luban,2011,11179,e
c-luban,2012,11132,e
c-luban,2013,11186,e
c-luban,2014,11160,e
c-luban,2015,11114,e
c-luban,2016,11000,e
c-luban,2017,10973,e
c-luban,2018,10917,e
c-luban,2019,11693,c
c-luban,2021,11654,e
c-luban,2022,11522,e
c-luban,2023,11360,e
c-luban,2024,11339,e
c-luban,2025,11278,e
c-luban,2026,11165,e
c-luniniec,1939,8300,c
c-luniniec,1959,10328,c
c-luniniec,1970,14257,c
c-luniniec,1979,18539,c
c-luniniec,1989,23213,c
c-luniniec,1991,23700,e
c-luniniec,1999,23900,c
c-luniniec,2004,23900,e
c-luniniec,2005,23800,e
c-luniniec,2006,23800,e
c-luniniec,2007,23900,e
c-luniniec,2008,24100,e
c-luniniec,2009,23608,c
c-luniniec,2011,23803,e
c-luniniec,2012,23949,e
c-luniniec,2013,24095,e
c-luniniec,2014,24047,e
c-luniniec,2015,24220,e
c-luniniec,2016,24412,e
c-luniniec,2017,24712,e
c-luniniec,2018,24816,e
c-luniniec,2019,23654,c
c-luniniec,2021,23734,e
c-luniniec,2022,23569,e
c-luniniec,2023,23548,e
c-luniniec,2024,23592,e
c-luniniec,2025,23469,e
c-luniniec,2026,23396,e
c-machulishchy,1999,7400,c
c-machulishchy,2004,7700,e
c-machulishchy,2005,7900,e
c-machulishchy,2006,8000,e
c-machulishchy,2007,8200,e
c-machulishchy,2008,8400,e
c-machulishchy,2009,7378,c
c-machulishchy,2011,7442,e
c-machulishchy,2012,7573,e
c-machulishchy,2013,7589,e
c-machulishchy,2014,7761,e
c-machulishchy,2015,7967,e
c-machulishchy,2016,8315,e
c-machulishchy,2017,8414,e
c-machulishchy,2018,8546,e
c-machulishchy,2019,9716,c
c-machulishchy,2021,9834,e
c-machulishchy,2022,10240,e
c-machulishchy,2023,10474,e
c-machulishchy,2024,10583,e
c-machulishchy,2025,10653,e
c-machulishchy,2026,10869,e
c-mahilou,1897,43119,c
c-mahilou,1923,41622,c
c-mahilou,1926,46562,c
c-mahilou,1939,99428,c
c-mahilou,1959,121712,c
c-mahilou,1970,202314,c
c-mahilou,1979,290361,c
c-mahilou,1989,359188,c
c-mahilou,1991,363000,e
c-mahilou,1999,356500,c
c-mahilou,2004,365100,e
c-mahilou,2005,366900,e
c-mahilou,2006,367700,e
c-mahilou,2007,369200,e
c-mahilou,2008,370600,e
c-mahilou,2009,358279,c
c-mahilou,2011,360918,e
c-mahilou,2012,363363,e
c-mahilou,2013,366839,e
c-mahilou,2014,370690,e
c-mahilou,2015,374655,e
c-mahilou,2016,378077,e
c-mahilou,2017,380440,e
c-mahilou,2018,381353,e
c-mahilou,2019,356821,c
c-mahilou,2021,357404,e
c-mahilou,2022,355436,e
c-mahilou,2023,353338,e
c-mahilou,2024,353110,e
c-mahilou,2025,352896,e
c-mahilou,2026,352891,e
c-maladziechna,1939,6600,c
c-maladziechna,1959,28384,c
c-maladziechna,1970,50413,c
c-maladziechna,1979,72612,c
c-maladziechna,1989,91726,c
c-maladziechna,1991,93500,e
c-maladziechna,1999,96600,c
c-maladziechna,2004,98400,e
c-maladziechna,2005,98400,e
c-maladziechna,2006,98400,e
c-maladziechna,2007,98400,e
c-maladziechna,2008,98400,e
c-maladziechna,2009,94282,c
c-maladziechna,2011,93885,e
c-maladziechna,2012,93736,e
c-maladziechna,2013,93802,e
c-maladziechna,2014,94155,e
c-maladziechna,2015,94686,e
c-maladziechna,2016,94922,e
c-maladziechna,2017,95233,e
c-maladziechna,2018,95011,e
c-maladziechna,2019,91754,c
c-maladziechna,2021,91063,e
c-maladziechna,2022,90136,e
c-maladziechna,2023,89268,e
c-maladziechna,2024,89068,e
c-maladziechna,2025,88290,e
c-maladziechna,2026,87339,e
c-malaryta,1959,4628,c
c-malaryta,1970,6836,c
c-malaryta,1979,8493,c
c-malaryta,1989,9666,c
c-malaryta,1991,9900,e
c-malaryta,1999,11500,c
c-malaryta,2004,11500,e
c-malaryta,2005,11300,e
c-malaryta,2006,11300,e
c-malaryta,2007,11300,e
c-malaryta,2008,11200,e
c-malaryta,2009,11751,c
c-malaryta,2011,11699,e
c-malaryta,2012,11713,e
c-malaryta,2013,11727,e
c-malaryta,2014,11775,e
c-malaryta,2015,11808,e
c-malaryta,2016,11823,e
c-malaryta,2017,11891,e
c-malaryta,2018,11914,e
c-malaryta,2019,12746,c
c-malaryta,2021,12883,e
c-malaryta,2022,12869,e
c-malaryta,2023,12850,e
c-malaryta,2024,12735,e
c-malaryta,2025,12593,e
c-malaryta,2026,12593,e
c-marjina-horka,1939,6547,c
c-marjina-horka,1959,9254,c
c-marjina-horka,1970,11297,c
c-marjina-horka,1979,15156,c
c-marjina-horka,1989,18866,c
c-marjina-horka,1991,20100,e
c-marjina-horka,1999,23900,c
c-marjina-horka,2004,23400,e
c-marjina-horka,2005,23100,e
c-marjina-horka,2006,22900,e
c-marjina-horka,2007,22800,e
c-marjina-horka,2008,22700,e
c-marjina-horka,2009,21446,c
c-marjina-horka,2011,21285,e
c-marjina-horka,2012,21233,e
c-marjina-horka,2013,21107,e
c-marjina-horka,2014,21296,e
c-marjina-horka,2015,21384,e
c-marjina-horka,2016,21280,e
c-marjina-horka,2017,21303,e
c-marjina-horka,2018,21167,e
c-marjina-horka,2019,20742,c
c-marjina-horka,2021,20592,e
c-marjina-horka,2022,20445,e
c-marjina-horka,2023,20242,e
c-marjina-horka,2024,20096,e
c-marjina-horka,2025,19994,e
c-marjina-horka,2026,19892,e
c-masty,1959,7895,c
c-masty,1970,11585,c
c-masty,1979,13633,c
c-masty,1989,16494,c
c-masty,1991,17500,e
c-masty,1999,18400,c
c-masty,2004,17400,e
c-masty,2005,17000,e
c-masty,2006,16800,e
c-masty,2007,16500,e
c-masty,2008,16400,e
c-masty,2009,16595,c
c-masty,2011,16102,e
c-masty,2012,15736,e
c-masty,2013,15721,e
c-masty,2014,15663,e
c-masty,2015,15749,e
c-masty,2016,15948,e
c-masty,2017,15883,e
c-masty,2018,15838,e
c-masty,2019,15222,c
c-masty,2021,15197,e
c-masty,2022,14914,e
c-masty,2023,14683,e
c-masty,2024,14447,e
c-masty,2025,14239,e
c-masty,2026,14091,e
c-mazyr,1897,8076,c
c-mazyr,1923,8290,c
c-mazyr,1926,9535,c
c-mazyr,1939,17477,c
c-mazyr,1959,26426,c
c-mazyr,1970,48803,c
c-mazyr,1979,73463,c
c-mazyr,1989,100254,c
c-mazyr,1991,103000,e
c-mazyr,1999,109800,c
c-mazyr,2004,111800,e
c-mazyr,2005,111700,e
c-mazyr,2006,111600,e
c-mazyr,2007,111700,e
c-mazyr,2008,111900,e
c-mazyr,2009,108792,c
c-mazyr,2011,110073,e
c-mazyr,2012,110540,e
c-mazyr,2013,111324,e
c-mazyr,2014,112187,e
c-mazyr,2015,112493,e
c-mazyr,2016,112003,e
c-mazyr,2017,111801,e
c-mazyr,2018,111733,e
c-mazyr,2019,105527,c
c-mazyr,2021,105439,e
c-mazyr,2022,104967,e
c-mazyr,2023,105321,e
c-mazyr,2024,105152,e
c-mazyr,2025,104517,e
c-mazyr,2026,104302,e
c-mikashevichy,1959,3436,c
c-mikashevichy,1970,4056,c
c-mikashevichy,1979,7620,c
c-mikashevichy,1989,12777,c
c-mikashevichy,1991,13100,e
c-mikashevichy,1999,13800,c
c-mikashevichy,2004,13700,e
c-mikashevichy,2005,13800,e
c-mikashevichy,2006,13800,e
c-mikashevichy,2007,13800,e
c-mikashevichy,2008,13800,e
c-mikashevichy,2009,13016,c
c-mikashevichy,2011,12964,e
c-mikashevichy,2012,12932,e
c-mikashevichy,2013,12896,e
c-mikashevichy,2014,12899,e
c-mikashevichy,2015,12855,e
c-mikashevichy,2016,12759,e
c-mikashevichy,2017,12693,e
c-mikashevichy,2018,12665,e
c-mikashevichy,2019,12916,c
c-mikashevichy,2021,12771,e
c-mikashevichy,2022,12527,e
c-mikashevichy,2023,12395,e
c-mikashevichy,2024,12222,e
c-mikashevichy,2025,12027,e
c-mikashevichy,2026,11823,e
c-minsk,1897,90912,c
c-minsk,1923,106056,c
c-minsk,1926,123613,c
c-minsk,1939,238948,c
c-minsk,1959,515975,c
c-minsk,1970,907104,c
c-minsk,1979,1261869,c
c-minsk,1989,1589436,c
c-minsk,1991,1633600,e
c-minsk,1999,1680500,c
c-minsk,2004,1741400,e
c-minsk,2005,1765800,e
c-minsk,2006,1780700,e
c-minsk,2007,1797500,e
c-minsk,2008,1814800,e
c-minsk,2009,1836808,c
c-minsk,2011,1864090,e
c-minsk,2012,1885067,e
c-minsk,2013,1901059,e
c-minsk,2014,1921807,e
c-minsk,2015,1938280,e
c-minsk,2016,1959781,e
c-minsk,2017,1974819,e
c-minsk,2018,1982444,e
c-minsk,2019,2018281,c
c-minsk,2021,2009786,e
c-minsk,2022,1996553,e
c-minsk,2023,1995471,e
c-minsk,2024,1992862,e
c-minsk,2025,1996730,e
c-minsk,2026,1995091,e
c-mscislau,1897,8514,c
c-mscislau,1923,8874,c
c-mscislau,1926,8085,c
c-mscislau,1939,10515,c
c-mscislau,1959,8052,c
c-mscislau,1970,9728,c
c-mscislau,1979,10164,c
c-mscislau,1989,11230,c
c-mscislau,1991,11600,e
c-mscislau,1999,11800,c
c-mscislau,2004,11700,e
c-mscislau,2005,11700,e
c-mscislau,2006,11700,e
c-mscislau,2007,11700,e
c-mscislau,2008,11600,e
c-mscislau,2009,10804,c
c-mscislau,2011,10704,e
c-mscislau,2012,10644,e
c-mscislau,2013,10596,e
c-mscislau,2014,10541,e
c-mscislau,2015,10437,e
c-mscislau,2016,10376,e
c-mscislau,2017,10370,e
c-mscislau,2018,10343,e
c-mscislau,2019,10225,c
c-mscislau,2021,10201,e
c-mscislau,2022,10139,e
c-mscislau,2023,10063,e
c-mscislau,2024,10019,e
c-mscislau,2025,9951,e
c-mscislau,2026,9753,e
c-naroula,1923,2550,c
c-naroula,1926,2518,c
c-naroula,1939,3917,c
c-naroula,1959,4837,c
c-naroula,1970,6556,c
c-naroula,1979,8531,c
c-naroula,1989,11165,c
c-naroula,1991,10800,e
c-naroula,1999,7200,c
c-naroula,2004,8200,e
c-naroula,2005,8300,e
c-naroula,2006,8500,e
c-naroula,2007,8500,e
c-naroula,2008,8500,e
c-naroula,2009,8110,c
c-naroula,2011,8061,e
c-naroula,2012,8017,e
c-naroula,2013,8026,e
c-naroula,2014,8010,e
c-naroula,2015,7991,e
c-naroula,2016,7929,e
c-naroula,2017,7910,e
c-naroula,2018,8046,e
c-naroula,2019,8247,c
c-naroula,2021,8364,e
c-naroula,2022,8374,e
c-naroula,2023,8352,e
c-naroula,2024,8371,e
c-naroula,2025,8388,e
c-naroula,2026,8369,e
c-navahrudak,1897,7887,c
c-navahrudak,1939,13800,c
c-navahrudak,1959,12624,c
c-navahrudak,1970,19374,c
c-navahrudak,1979,22423,c
c-navahrudak,1989,29506,c
c-navahrudak,1991,30500,e
c-navahrudak,1999,30200,c
c-navahrudak,2004,30700,e
c-navahrudak,2005,30700,e
c-navahrudak,2006,30700,e
c-navahrudak,2007,30800,e
c-navahrudak,2008,30800,e
c-navahrudak,2009,29336,c
c-navahrudak,2011,29260,e
c-navahrudak,2012,29324,e
c-navahrudak,2013,29065,e
c-navahrudak,2014,28843,e
c-navahrudak,2015,29245,e
c-navahrudak,2016,29594,e
c-navahrudak,2017,29459,e
c-navahrudak,2018,29424,e
c-navahrudak,2019,28513,c
c-navahrudak,2021,28199,e
c-navahrudak,2022,28014,e
c-navahrudak,2023,28021,e
c-navahrudak,2024,27936,e
c-navahrudak,2025,27624,e
c-navahrudak,2026,27298,e
c-navapolack,1959,1211,c
c-navapolack,1970,40114,c
c-navapolack,1979,67110,c
c-navapolack,1989,92699,c
c-navapolack,1991,96600,e
c-navapolack,1999,105600,c
c-navapolack,2004,101300,e
c-navapolack,2005,101100,e
c-navapolack,2006,100800,e
c-navapolack,2007,100800,e
c-navapolack,2008,100600,e
c-navapolack,2009,98138,c
c-navapolack,2011,99295,e
c-navapolack,2012,100276,e
c-navapolack,2013,101307,e
c-navapolack,2014,101860,e
c-navapolack,2015,102261,e
c-navapolack,2016,102394,e
c-navapolack,2017,102288,e
c-navapolack,2018,101596,e
c-navapolack,2019,98926,c
c-navapolack,2021,98122,e
c-navapolack,2022,97182,e
c-navapolack,2023,96320,e
c-navapolack,2024,95717,e
c-navapolack,2025,95370,e
c-navapolack,2026,94666,e
c-niasvizh,1897,8459,c
c-niasvizh,1959,6710,c
c-niasvizh,1970,9008,c
c-niasvizh,1979,11979,c
c-niasvizh,1989,14039,c
c-niasvizh,1991,15000,e
c-niasvizh,1999,14600,c
c-niasvizh,2004,14300,e
c-niasvizh,2005,14300,e
c-niasvizh,2006,14300,e
c-niasvizh,2007,14300,e
c-niasvizh,2008,14300,e
c-niasvizh,2009,14033,c
c-niasvizh,2011,14288,e
c-niasvizh,2012,14434,e
c-niasvizh,2013,14612,e
c-niasvizh,2014,14957,e
c-niasvizh,2015,15271,e
c-niasvizh,2016,15434,e
c-niasvizh,2017,15557,e
c-niasvizh,2018,15808,e
c-niasvizh,2019,15566,c
c-niasvizh,2021,15732,e
c-niasvizh,2022,15756,e
c-niasvizh,2023,15907,e
c-niasvizh,2024,15968,e
c-niasvizh,2025,15909,e
c-niasvizh,2026,15897,e
c-novalukoml,1970,6744,c
c-novalukoml,1979,11466,c
c-novalukoml,1989,13763,c
c-novalukoml,1991,14400,e
c-novalukoml,1999,15100,c
c-novalukoml,2004,15000,e
c-novalukoml,2005,14800,e
c-novalukoml,2006,14800,e
c-novalukoml,2007,14600,e
c-novalukoml,2008,14500,e
c-novalukoml,2009,13945,c
c-novalukoml,2011,13577,e
c-novalukoml,2012,13303,e
c-novalukoml,2013,13141,e
c-novalukoml,2014,13088,e
c-novalukoml,2015,13073,e
c-novalukoml,2016,13039,e
c-novalukoml,2017,13072,e
c-novalukoml,2018,12943,e
c-novalukoml,2019,12635,c
c-novalukoml,2021,12439,e
c-novalukoml,2022,12250,e
c-novalukoml,2023,12048,e
c-novalukoml,2024,11841,e
c-novalukoml,2025,11598,e
c-novalukoml,2026,11422,e
c-orsha,1897,13061,c
c-orsha,1923,18185,c
c-orsha,1926,21311,c
c-orsha,1939,37578,c
c-orsha,1959,64537,c
c-orsha,1970,100642,c
c-orsha,1979,112397,c
c-orsha,1989,123128,c
c-orsha,1991,125300,e
c-orsha,1999,123900,c
c-orsha,2004,125300,e
c-orsha,2005,124600,e
c-orsha,2006,123900,e
c-orsha,2007,123400,e
c-orsha,2008,122600,e
c-orsha,2009,117225,c
c-orsha,2011,117228,e
c-orsha,2012,117187,e
c-orsha,2013,116611,e
c-orsha,2014,116597,e
c-orsha,2015,116583,e
c-orsha,2016,116552,e
c-orsha,2017,115938,e
c-orsha,2018,115052,e
c-orsha,2019,107930,c
c-orsha,2021,106505,e
c-orsha,2022,104605,e
c-orsha,2023,103658,e
c-orsha,2024,102759,e
c-orsha,2025,101662,e
c-orsha,2026,100422,e
c-pastavy,1939,3400,c
c-pastavy,1959,10566,c
c-pastavy,1970,15139,c
c-pastavy,1979,17982,c
c-pastavy,1989,19022,c
c-pastavy,1991,20300,e
c-pastavy,1999,21100,c
c-pastavy,2004,20500,e
c-pastavy,2005,20300,e
c-pastavy,2006,20200,e
c-pastavy,2007,20000,e
c-pastavy,2008,19800,e
c-pastavy,2009,19815,c
c-pastavy,2011,19869,e
c-pastavy,2012,19900,e
c-pastavy,2013,19897,e
c-pastavy,2014,20067,e
c-pastavy,2015,20070,e
c-pastavy,2016,20039,e
c-pastavy,2017,19882,e
c-pastavy,2018,19881,e
c-pastavy,2019,19255,c
c-pastavy,2021,19153,e
c-pastavy,2022,18939,e
c-pastavy,2023,18772,e
c-pastavy,2024,18618,e
c-pastavy,2025,18450,e
c-pastavy,2026,18143,e
c-pietrykau,1923,5771,c
c-pietrykau,1926,5819,c
c-pietrykau,1939,5782,c
c-pietrykau,1959,7168,c
c-pietrykau,1970,8502,c
c-pietrykau,1979,10087,c
c-pietrykau,1989,11975,c
c-pietrykau,1991,12100,e
c-pietrykau,1999,11700,c
c-pietrykau,2004,10700,e
c-pietrykau,2005,10700,e
c-pietrykau,2006,10500,e
c-pietrykau,2007,10400,e
c-pietrykau,2008,10300,e
c-pietrykau,2009,10591,c
c-pietrykau,2011,10460,e
c-pietrykau,2012,10405,e
c-pietrykau,2013,10382,e
c-pietrykau,2014,10408,e
c-pietrykau,2015,10363,e
c-pietrykau,2016,10223,e
c-pietrykau,2017,10076,e
c-pietrykau,2018,10100,e
c-pietrykau,2019,10025,c
c-pietrykau,2021,9986,e
c-pietrykau,2022,10127,e
c-pietrykau,2023,10303,e
c-pietrykau,2024,10401,e
c-pietrykau,2025,10278,e
c-pietrykau,2026,10145,e
c-pinsk,1897,28368,c
c-pinsk,1939,29500,c
c-pinsk,1959,41548,c
c-pinsk,1970,61752,c
c-pinsk,1979,89847,c
c-pinsk,1989,118636,c
c-pinsk,1991,123800,e
c-pinsk,1999,129900,c
c-pinsk,2004,130500,e
c-pinsk,2005,130300,e
c-pinsk,2006,129600,e
c-pinsk,2007,129900,e
c-pinsk,2008,130400,e
c-pinsk,2009,130355,c
c-pinsk,2011,132366,e
c-pinsk,2012,134230,e
c-pinsk,2013,135619,e
c-pinsk,2014,136096,e
c-pinsk,2015,137519,e
c-pinsk,2016,138415,e
c-pinsk,2017,138202,e
c-pinsk,2018,137961,e
c-pinsk,2019,126189,c
c-pinsk,2021,125900,e
c-pinsk,2022,125060,e
c-pinsk,2023,124613,e
c-pinsk,2024,124295,e
c-pinsk,2025,124008,e
c-pinsk,2026,123283,e
c-polack,1897,20294,c
c-polack,1923,17735,c
c-polack,1926,21455,c
c-polack,1939,29577,c
c-polack,1959,44978,c
c-polack,1970,64182,c
c-polack,1979,71152,c
c-polack,1989,76837,c
c-polack,1991,78700,e
c-polack,1999,82500,c
c-polack,2004,82800,e
c-polack,2005,82400,e
c-polack,2006,82400,e
c-polack,2007,82800,e
c-polack,2008,83100,e
c-polack,2009,82547,c
c-polack,2011,83632,e
c-polack,2012,84593,e
c-polack,2013,84786,e
c-polack,2014,84968,e
c-polack,2015,85126,e
c-polack,2016,85078,e
c-polack,2017,85012,e
c-polack,2018,84597,e
c-polack,2019,81219,c
c-polack,2021,80795,e
c-polack,2022,79896,e
c-polack,2023,79960,e
c-polack,2024,79579,e
c-polack,2025,79285,e
c-polack,2026,79105,e
c-pruzhany,1897,7633,c
c-pruzhany,1959,7116,c
c-pruzhany,1970,12170,c
c-pruzhany,1979,17256,c
c-pruzhany,1989,23079,c
c-pruzhany,1991,24100,e
c-pruzhany,1999,20200,c
c-pruzhany,2004,19800,e
c-pruzhany,2005,19600,e
c-pruzhany,2006,19300,e
c-pruzhany,2007,19300,e
c-pruzhany,2008,19200,e
c-pruzhany,2009,19032,c
c-pruzhany,2011,18872,e
c-pruzhany,2012,18796,e
c-pruzhany,2013,18884,e
c-pruzhany,2014,18796,e
c-pruzhany,2015,18619,e
c-pruzhany,2016,18459,e
c-pruzhany,2017,18515,e
c-pruzhany,2018,18608,e
c-pruzhany,2019,18949,c
c-pruzhany,2021,19032,e
c-pruzhany,2022,18978,e
c-pruzhany,2023,19064,e
c-pruzhany,2024,18994,e
c-pruzhany,2025,18824,e
c-pruzhany,2026,18703,e
c-rahachou,1897,9038,c
c-rahachou,1923,11234,c
c-rahachou,1926,10332,c
c-rahachou,1939,15168,c
c-rahachou,1959,10156,c
c-rahachou,1970,16008,c
c-rahachou,1979,25070,c
c-rahachou,1989,35757,c
c-rahachou,1991,37000,e
c-rahachou,1999,35900,c
c-rahachou,2004,34700,e
c-rahachou,2005,34400,e
c-rahachou,2006,34100,e
c-rahachou,2007,34100,e
c-rahachou,2008,34100,e
c-rahachou,2009,33702,c
c-rahachou,2011,33898,e
c-rahachou,2012,34140,e
c-rahachou,2013,34476,e
c-rahachou,2014,34689,e
c-rahachou,2015,34828,e
c-rahachou,2016,34937,e
c-rahachou,2017,34825,e
c-rahachou,2018,34809,e
c-rahachou,2019,33044,c
c-rahachou,2021,32878,e
c-rahachou,2022,32307,e
c-rahachou,2023,32029,e
c-rahachou,2024,31821,e
c-rahachou,2025,31490,e
c-rahachou,2026,31323,e
c-rechyca,1897,9280,c
c-rechyca,1923,14612,c
c-rechyca,1926,16487,c
c-rechyca,1939,29796,c
c-rechyca,1959,30602,c
c-rechyca,1970,48393,c
c-rechyca,1979,60327,c
c-rechyca,1989,69427,c
c-rechyca,1991,69400,e
c-rechyca,1999,66700,c
c-rechyca,2004,66200,e
c-rechyca,2005,65800,e
c-rechyca,2006,65400,e
c-rechyca,2007,65300,e
c-rechyca,2008,65300,e
c-rechyca,2009,64731,c
c-rechyca,2011,64562,e
c-rechyca,2012,65091,e
c-rechyca,2013,65289,e
c-rechyca,2014,65367,e
c-rechyca,2015,65624,e
c-rechyca,2016,66172,e
c-rechyca,2017,66009,e
c-rechyca,2018,65940,e
c-rechyca,2019,66378,c
c-rechyca,2021,66327,e
c-rechyca,2022,65561,e
c-rechyca,2023,65423,e
c-rechyca,2024,65213,e
c-rechyca,2025,64733,e
c-rechyca,2026,64508,e
c-salihorsk,1959,46,c
c-salihorsk,1970,38255,c
c-salihorsk,1979,65148,c
c-salihorsk,1989,92742,c
c-salihorsk,1991,96000,e
c-salihorsk,1999,100900,c
c-salihorsk,2004,101400,e
c-salihorsk,2005,101000,e
c-salihorsk,2006,100800,e
c-salihorsk,2007,100800,e
c-salihorsk,2008,101100,e
c-salihorsk,2009,102297,c
c-salihorsk,2011,103089,e
c-salihorsk,2012,103961,e
c-salihorsk,2013,104745,e
c-salihorsk,2014,105376,e
c-salihorsk,2015,105998,e
c-salihorsk,2016,106503,e
c-salihorsk,2017,106839,e
c-salihorsk,2018,106627,e
c-salihorsk,2019,101564,c
c-salihorsk,2021,100824,e
c-salihorsk,2022,99622,e
c-salihorsk,2023,98590,e
c-salihorsk,2024,97818,e
c-salihorsk,2025,96993,e
c-salihorsk,2026,96418,e
c-shchuchyn,1959,6569,c
c-shchuchyn,1970,10337,c
c-shchuchyn,1979,12856,c
c-shchuchyn,1989,15364,c
c-shchuchyn,1991,16400,e
c-shchuchyn,1999,16200,c
c-shchuchyn,2004,16000,e
c-shchuchyn,2005,15900,e
c-shchuchyn,2006,15800,e
c-shchuchyn,2007,15700,e
c-shchuchyn,2008,15700,e
c-shchuchyn,2009,15042,c
c-shchuchyn,2011,15062,e
c-shchuchyn,2012,15075,e
c-shchuchyn,2013,15283,e
c-shchuchyn,2014,15481,e
c-shchuchyn,2015,15471,e
c-shchuchyn,2016,15538,e
c-shchuchyn,2017,15511,e
c-shchuchyn,2018,15475,e
c-shchuchyn,2019,15910,c
c-shchuchyn,2021,15889,e
c-shchuchyn,2022,15805,e
c-shchuchyn,2023,15653,e
c-shchuchyn,2024,15371,e
c-shchuchyn,2025,15127,e
c-shchuchyn,2026,14868,e
c-shklou,1923,6617,c
c-shklou,1926,8294,c
c-shklou,1939,8148,c
c-shklou,1959,7781,c
c-shklou,1970,9865,c
c-shklou,1979,11814,c
c-shklou,1989,14893,c
c-shklou,1991,15000,e
c-shklou,1999,16500,c
c-shklou,2004,15900,e
c-shklou,2005,15800,e
c-shklou,2006,15600,e
c-shklou,2007,15600,e
c-shklou,2008,15600,e
c-shklou,2009,16439,c
c-shklou,2011,16309,e
c-shklou,2012,16288,e
c-shklou,2013,16353,e
c-shklou,2014,16290,e
c-shklou,2015,16359,e
c-shklou,2016,16425,e
c-shklou,2017,16310,e
c-shklou,2018,16300,e
c-shklou,2019,15415,c
c-shklou,2021,15344,e
c-shklou,2022,15167,e
c-shklou,2023,14989,e
c-shklou,2024,14870,e
c-shklou,2025,14738,e
c-shklou,2026,14580,e
c-skidziel,1959,5493,c
c-skidziel,1970,7760,c
c-skidziel,1979,9225,c
c-skidziel,1989,10924,c
c-skidziel,1991,11100,e
c-skidziel,1999,11600,c
c-skidziel,2004,10900,e
c-skidziel,2005,10800,e
c-skidziel,2006,10700,e
c-skidziel,2007,10500,e
c-skidziel,2008,10500,e
c-skidziel,2009,10869,c
c-skidziel,2011,10713,e
c-skidziel,2012,10574,e
c-skidziel,2013,10604,e
c-skidziel,2014,10511,e
c-skidziel,2015,10554,e
c-skidziel,2016,10592,e
c-skidziel,2017,10709,e
c-skidziel,2018,10717,e
c-skidziel,2019,10422,c
c-skidziel,2021,10168,e
c-skidziel,2022,9943,e
c-skidziel,2023,9742,e
c-skidziel,2024,9707,e
c-skidziel,2025,9667,e
c-skidziel,2026,9545,e
c-slonim,1897,15863,c
c-slonim,1939,26700,c
c-slonim,1959,17509,c
c-slonim,1970,30279,c
c-slonim,1979,36659,c
c-slonim,1989,45741,c
c-slonim,1991,47200,e
c-slonim,1999,51700,c
c-slonim,2004,51600,e
c-slonim,2005,51400,e
c-slonim,2006,51100,e
c-slonim,2007,50900,e
c-slonim,2008,50800,e
c-slonim,2009,48970,c
c-slonim,2011,48655,e
c-slonim,2012,48795,e
c-slonim,2013,48977,e
c-slonim,2014,49105,e
c-slonim,2015,49334,e
c-slonim,2016,49528,e
c-slonim,2017,49513,e
c-slonim,2018,49441,e
c-slonim,2019,50068,c
c-slonim,2021,49830,e
c-slonim,2022,49426,e
c-slonim,2023,49113,e
c-slonim,2024,48907,e
c-slonim,2025,48402,e
c-slonim,2026,48001,e
c-sluck,1897,14349,c
c-sluck,1923,13666,c
c-sluck,1926,14299,c
c-sluck,1939,21947,c
c-sluck,1959,22740,c
c-sluck,1970,35609,c
c-sluck,1979,45176,c
c-sluck,1989,57556,c
c-sluck,1991,60100,e
c-sluck,1999,63500,c
c-sluck,2004,62200,e
c-sluck,2005,62000,e
c-sluck,2006,61400,e
c-sluck,2007,61100,e
c-sluck,2008,61000,e
c-sluck,2009,61444,c
c-sluck,2011,61446,e
c-sluck,2012,61436,e
c-sluck,2013,61847,e
c-sluck,2014,62046,e
c-sluck,2015,62192,e
c-sluck,2016,62226,e
c-sluck,2017,62147,e
c-sluck,2018,61818,e
c-sluck,2019,61708,c
c-sluck,2021,61396,e
c-sluck,2022,60794,e
c-sluck,2023,60376,e
c-sluck,2024,60056,e
c-sluck,2025,59450,e
c-sluck,2026,58995,e
c-smalavichy,1923,3333,c
c-smalavichy,1926,3120,c
c-smalavichy,1939,6752,c
c-smalavichy,1959,8353,c
c-smalavichy,1970,9615,c
c-smalavichy,1979,11400,c
c-smalavichy,1989,13593,c
c-smalavichy,1991,13900,e
c-smalavichy,1999,14100,c
c-smalavichy,2004,14100,e
c-smalavichy,2005,14200,e
c-smalavichy,2006,14200,e
c-smalavichy,2007,14200,e
c-smalavichy,2008,14200,e
c-smalavichy,2009,15092,c
c-smalavichy,2011,15316,e
c-smalavichy,2012,15332,e
c-smalavichy,2013,15449,e
c-smalavichy,2014,15605,e
c-smalavichy,2015,15861,e
c-smalavichy,2016,16547,e
c-smalavichy,2017,16643,e
c-smalavichy,2018,16784,e
c-smalavichy,2019,19165,c
c-smalavichy,2021,19844,e
c-smalavichy,2022,20548,e
c-smalavichy,2023,21820,e
c-smalavichy,2024,22679,e
c-smalavichy,2025,23721,e
c-smalavichy,2026,24402,e
c-smarhon,1959,6478,c
c-smarhon,1970,10095,c
c-smarhon,1979,16503,c
c-smarhon,1989,30839,c
c-smarhon,1991,34800,e
c-smarhon,1999,36200,c
c-smarhon,2004,36700,e
c-smarhon,2005,36700,e
c-smarhon,2006,36700,e
c-smarhon,2007,36700,e
c-smarhon,2008,36700,e
c-smarhon,2009,36283,c
c-smarhon,2011,36429,e
c-smarhon,2012,36707,e
c-smarhon,2013,36942,e
c-smarhon,2014,37212,e
c-smarhon,2015,37321,e
c-smarhon,2016,37372,e
c-smarhon,2017,37386,e
c-smarhon,2018,37527,e
c-smarhon,2019,36237,c
c-smarhon,2021,36202,e
c-smarhon,2022,35908,e
c-smarhon,2023,35781,e
c-smarhon,2024,35422,e
c-smarhon,2025,35072,e
c-smarhon,2026,34564,e
c-staryja-darohi,1923,1854,c
c-staryja-darohi,1926,1771,c
c-staryja-darohi,1939,4241,c
c-staryja-darohi,1959,4920,c
c-staryja-darohi,1970,6042,c
c-staryja-darohi,1979,8210,c
c-staryja-darohi,1989,10976,c
c-staryja-darohi,1991,11500,e
c-staryja-darohi,1999,12200,c
c-staryja-darohi,2004,11600,e
c-staryja-darohi,2005,11500,e
c-staryja-darohi,2006,11400,e
c-staryja-darohi,2007,11200,e
c-staryja-darohi,2008,11200,e
c-staryja-darohi,2009,11036,c
c-staryja-darohi,2011,10990,e
c-staryja-darohi,2012,10876,e
c-staryja-darohi,2013,10774,e
c-staryja-darohi,2014,10727,e
c-staryja-darohi,2015,10606,e
c-staryja-darohi,2016,10425,e
c-staryja-darohi,2017,10468,e
c-staryja-darohi,2018,10406,e
c-staryja-darohi,2019,11252,c
c-staryja-darohi,2021,11198,e
c-staryja-darohi,2022,11066,e
c-staryja-darohi,2023,10972,e
c-staryja-darohi,2024,10898,e
c-staryja-darohi,2025,10747,e
c-staryja-darohi,2026,10683,e
c-stolin,1959,5793,c
c-stolin,1970,7068,c
c-stolin,1979,8718,c
c-stolin,1989,10486,c
c-stolin,1991,10600,e
c-stolin,1999,12000,c
c-stolin,2004,12400,e
c-stolin,2005,12500,e
c-stolin,2006,12500,e
c-stolin,2007,12500,e
c-stolin,2008,12700,e
c-stolin,2009,12462,c
c-stolin,2011,12278,e
c-stolin,2012,12353,e
c-stolin,2013,12439,e
c-stolin,2014,12412,e
c-stolin,2015,12756,e
c-stolin,2016,12951,e
c-stolin,2017,13269,e
c-stolin,2018,13460,e
c-stolin,2019,12958,c
c-stolin,2021,13038,e
c-stolin,2022,13290,e
c-stolin,2023,13550,e
c-stolin,2024,13785,e
c-stolin,2025,14034,e
c-stolin,2026,13981,e
c-stoubcy,1959,5664,c
c-stoubcy,1970,7347,c
c-stoubcy,1979,9832,c
c-stoubcy,1989,13608,c
c-stoubcy,1991,14200,e
c-stoubcy,1999,16400,c
c-stoubcy,2004,16900,e
c-stoubcy,2005,15300,e
c-stoubcy,2006,15500,e
c-stoubcy,2007,15800,e
c-stoubcy,2008,16000,e
c-stoubcy,2009,15367,c
c-stoubcy,2011,15591,e
c-stoubcy,2012,16033,e
c-stoubcy,2013,16283,e
c-stoubcy,2014,16472,e
c-stoubcy,2015,16690,e
c-stoubcy,2016,16839,e
c-stoubcy,2017,16858,e
c-stoubcy,2018,16946,e
c-stoubcy,2019,17233,c
c-stoubcy,2021,17420,e
c-stoubcy,2022,17496,e
c-stoubcy,2023,17640,e
c-stoubcy,2024,17737,e
c-stoubcy,2025,17701,e
c-stoubcy,2026,17603,e
c-svietlahorsk,1959,5772,c
c-svietlahorsk,1970,40265,c
c-svietlahorsk,1979,54772,c
c-svietlahorsk,1989,69475,c
c-svietlahorsk,1991,71600,e
c-svietlahorsk,1999,73300,c
c-svietlahorsk,2004,71700,e
c-svietlahorsk,2005,71200,e
c-svietlahorsk,2006,70700,e
c-svietlahorsk,2007,70200,e
c-svietlahorsk,2008,69600,e
c-svietlahorsk,2009,69995,c
c-svietlahorsk,2011,69520,e
c-svietlahorsk,2012,69210,e
c-svietlahorsk,2013,69028,e
c-svietlahorsk,2014,68708,e
c-svietlahorsk,2015,68593,e
c-svietlahorsk,2016,69011,e
c-svietlahorsk,2017,68550,e
c-svietlahorsk,2018,67453,e
c-svietlahorsk,2019,65739,c
c-svietlahorsk,2021,64989,e
c-svietlahorsk,2022,63946,e
c-svietlahorsk,2023,63202,e
c-svietlahorsk,2024,62602,e
c-svietlahorsk,2025,61812,e
c-svietlahorsk,2026,61280,e
c-talachyn,1923,3384,c
c-talachyn,1926,3604,c
c-talachyn,1939,6095,c
c-talachyn,1959,6542,c
c-talachyn,1970,7427,c
c-talachyn,1979,8441,c
c-talachyn,1989,11409,c
c-talachyn,1991,11600,e
c-talachyn,1999,10700,c
c-talachyn,2004,10400,e
c-talachyn,2005,10500,e
c-talachyn,2006,10300,e
c-talachyn,2007,10200,e
c-talachyn,2008,10200,e
c-talachyn,2009,10155,c
c-talachyn,2011,10039,e
c-talachyn,2012,9963,e
c-talachyn,2013,9894,e
c-talachyn,2014,9852,e
c-talachyn,2015,9817,e
c-talachyn,2016,9761,e
c-talachyn,2017,9744,e
c-talachyn,2018,9690,e
c-talachyn,2019,9977,c
c-talachyn,2021,9899,e
c-talachyn,2022,9823,e
c-talachyn,2023,9691,e
c-talachyn,2024,9666,e
c-talachyn,2025,9542,e
c-talachyn,2026,9411,e
c-uzda,1923,2374,c
c-uzda,1926,2490,c
c-uzda,1939,3459,c
c-uzda,1959,4002,c
c-uzda,1970,4827,c
c-uzda,1979,6237,c
c-uzda,1989,8327,c
c-uzda,1991,8800,e
c-uzda,1999,9500,c
c-uzda,2004,9500,e
c-uzda,2005,9600,e
c-uzda,2006,9600,e
c-uzda,2007,9600,e
c-uzda,2008,9600,e
c-uzda,2009,9684,c
c-uzda,2011,9800,e
c-uzda,2012,9828,e
c-uzda,2013,9870,e
c-uzda,2014,9945,e
c-uzda,2015,10102,e
c-uzda,2016,10120,e
c-uzda,2017,10090,e
c-uzda,2018,10194,e
c-uzda,2019,10691,c
c-uzda,2021,10781,e
c-uzda,2022,10740,e
c-uzda,2023,10677,e
c-uzda,2024,10619,e
c-uzda,2025,10545,e
c-uzda,2026,10474,e
c-valozhyn,1959,4779,c
c-valozhyn,1970,6256,c
c-valozhyn,1979,7906,c
c-valozhyn,1989,10643,c
c-valozhyn,1991,11100,e
c-valozhyn,1999,11600,c
c-valozhyn,2004,11500,e
c-valozhyn,2005,11400,e
c-valozhyn,2006,11300,e
c-valozhyn,2007,11200,e
c-valozhyn,2008,11100,e
c-valozhyn,2009,10558,c
c-valozhyn,2011,10516,e
c-valozhyn,2012,10482,e
c-valozhyn,2013,10483,e
c-valozhyn,2014,10440,e
c-valozhyn,2015,10488,e
c-valozhyn,2016,10329,e
c-valozhyn,2017,10276,e
c-valozhyn,2018,10308,e
c-valozhyn,2019,10069,c
c-valozhyn,2021,10012,e
c-valozhyn,2022,9993,e
c-valozhyn,2023,10064,e
c-valozhyn,2024,10015,e
c-valozhyn,2025,9923,e
c-valozhyn,2026,9840,e
c-vasilevichy,1939,4410,c
c-vasilevichy,1959,10322,c
c-vasilevichy,1970,6911,c
c-vasilevichy,1979,6160,c
c-vasilevichy,1989,5372,c
c-vasilevichy,1991,5000,e
c-vasilevichy,1999,4500,c
c-vasilevichy,2004,4400,e
c-vasilevichy,2005,4500,e
c-vasilevichy,2006,4400,e
c-vasilevichy,2007,4400,e
c-vasilevichy,2008,4400,e
c-vasilevichy,2009,3923,c
c-vasilevichy,2011,3824,e
c-vasilevichy,2012,3701,e
c-vasilevichy,2013,3619,e
c-vasilevichy,2014,3548,e
c-vasilevichy,2015,3450,e
c-vasilevichy,2016,3353,e
c-vasilevichy,2017,3349,e
c-vasilevichy,2018,3324,e
c-vasilevichy,2019,3513,c
c-vasilevichy,2021,3435,e
c-vasilevichy,2022,3363,e
c-vasilevichy,2023,3285,e
c-vasilevichy,2024,3220,e
c-vasilevichy,2025,3143,e
c-vasilevichy,2026,3089,e
c-vaukavysk,1897,10323,c
c-vaukavysk,1939,16700,c
c-vaukavysk,1959,18283,c
c-vaukavysk,1970,23266,c
c-vaukavysk,1979,29074,c
c-vaukavysk,1989,40374,c
c-vaukavysk,1991,42000,e
c-vaukavysk,1999,46600,c
c-vaukavysk,2004,46800,e
c-vaukavysk,2005,46700,e
c-vaukavysk,2006,46500,e
c-vaukavysk,2007,46300,e
c-vaukavysk,2008,46400,e
c-vaukavysk,2009,44167,c
c-vaukavysk,2011,43921,e
c-vaukavysk,2012,43886,e
c-vaukavysk,2013,43839,e
c-vaukavysk,2014,43826,e
c-vaukavysk,2015,44084,e
c-vaukavysk,2016,44110,e
c-vaukavysk,2017,44188,e
c-vaukavysk,2018,44004,e
c-vaukavysk,2019,42980,c
c-vaukavysk,2021,42746,e
c-vaukavysk,2022,42369,e
c-vaukavysk,2023,41991,e
c-vaukavysk,2024,41510,e
c-vaukavysk,2025,41020,e
c-vaukavysk,2026,40541,e
c-viciebsk,1897,65871,c
c-viciebsk,1923,86641,c
c-viciebsk,1926,91201,c
c-viciebsk,1939,167299,c
c-viciebsk,1959,148300,c
c-viciebsk,1970,230804,c
c-viciebsk,1979,296605,c
c-viciebsk,1989,350004,c
c-viciebsk,1991,361500,e
c-viciebsk,1999,340700,c
c-viciebsk,2004,342400,e
c-viciebsk,2005,342700,e
c-viciebsk,2006,343600,e
c-viciebsk,2007,344600,e
c-viciebsk,2008,346200,e
c-viciebsk,2009,347928,c
c-viciebsk,2011,354566,e
c-viciebsk,2012,359544,e
c-viciebsk,2013,361873,e
c-viciebsk,2014,363061,e
c-viciebsk,2015,366299,e
c-viciebsk,2016,368574,e
c-viciebsk,2017,369933,e
c-viciebsk,2018,370298,e
c-viciebsk,2019,364674,c
c-viciebsk,2021,362949,e
c-viciebsk,2022,360419,e
c-viciebsk,2023,359148,e
c-viciebsk,2024,358395,e
c-viciebsk,2025,358927,e
c-viciebsk,2026,357899,e
c-vietka,1923,5974,c
c-vietka,1926,5925,c
c-vietka,1939,5999,c
c-vietka,1959,5137,c
c-vietka,1970,6776,c
c-vietka,1979,8726,c
c-vietka,1989,10197,c
c-vietka,1991,9600,e
c-vietka,1999,7700,c
c-vietka,2004,7800,e
c-vietka,2005,7800,e
c-vietka,2006,8000,e
c-vietka,2007,8100,e
c-vietka,2008,8100,e
c-vietka,2009,7927,c
c-vietka,2011,8014,e
c-vietka,2012,8078,e
c-vietka,2013,8138,e
c-vietka,2014,8156,e
c-vietka,2015,8245,e
c-vietka,2016,8340,e
c-vietka,2017,8394,e
c-vietka,2018,8505,e
c-vietka,2019,8359,c
c-vietka,2021,8426,e
c-vietka,2022,8507,e
c-vietka,2023,8625,e
c-vietka,2024,8599,e
c-vietka,2025,8580,e
c-vietka,2026,8510,e
c-vilejka,1897,3560,c
c-vilejka,1959,8222,c
c-vilejka,1970,12240,c
c-vilejka,1979,20747,c
c-vilejka,1989,28077,c
c-vilejka,1991,29500,e
c-vilejka,1999,30000,c
c-vilejka,2004,30000,e
c-vilejka,2005,29600,e
c-vilejka,2006,29100,e
c-vilejka,2007,28800,e
c-vilejka,2008,28500,e
c-vilejka,2009,26836,c
c-vilejka,2011,26736,e
c-vilejka,2012,26797,e
c-vilejka,2013,26874,e
c-vilejka,2014,26942,e
c-vilejka,2015,26890,e
c-vilejka,2016,26831,e
c-vilejka,2017,26751,e
c-vilejka,2018,26760,e
c-vilejka,2019,27296,c
c-vilejka,2021,27167,e
c-vilejka,2022,26987,e
c-vilejka,2023,26811,e
c-vilejka,2024,26625,e
c-vilejka,2025,26375,e
c-vilejka,2026,26015,e
c-zaslauje,1923,1342,c
c-zaslauje,1926,1478,c
c-zaslauje,1939,2744,c
c-zaslauje,1959,5841,c
c-zaslauje,1970,4399,c
c-zaslauje,1979,8437,c
c-zaslauje,1989,10438,c
c-zaslauje,1991,10900,e
c-zaslauje,1999,13100,c
c-zaslauje,2004,13500,e
c-zaslauje,2005,13700,e
c-zaslauje,2006,13800,e
c-zaslauje,2007,14000,e
c-zaslauje,2008,14100,e
c-zaslauje,2009,14202,c
c-zaslauje,2011,14294,e
c-zaslauje,2012,14374,e
c-zaslauje,2013,14551,e
c-zaslauje,2014,14699,e
c-zaslauje,2015,14880,e
c-zaslauje,2016,15151,e
c-zaslauje,2017,15419,e
c-zaslauje,2018,15661,e
c-zaslauje,2019,17685,c
c-zaslauje,2021,17701,e
c-zaslauje,2022,17601,e
c-zaslauje,2023,17419,e
c-zaslauje,2024,17404,e
c-zaslauje,2025,17317,e
c-zaslauje,2026,17166,e
c-zhabinka,1959,4704,c
c-zhabinka,1970,6860,c
c-zhabinka,1979,8775,c
c-zhabinka,1989,10852,c
c-zhabinka,1991,11300,e
c-zhabinka,1999,12700,c
c-zhabinka,2004,12800,e
c-zhabinka,2005,12700,e
c-zhabinka,2006,12800,e
c-zhabinka,2007,12900,e
c-zhabinka,2008,13000,e
c-zhabinka,2009,13084,c
c-zhabinka,2011,13236,e
c-zhabinka,2012,13272,e
c-zhabinka,2013,13201,e
c-zhabinka,2014,13248,e
c-zhabinka,2015,13353,e
c-zhabinka,2016,13357,e
c-zhabinka,2017,13299,e
c-zhabinka,2018,13371,e
c-zhabinka,2019,13928,c
c-zhabinka,2021,14108,e
c-zhabinka,2022,14075,e
c-zhabinka,2023,14231,e
c-zhabinka,2024,14418,e
c-zhabinka,2025,14497,e
c-zhabinka,2026,14430,e
c-zhlobin,1923,9701,c
c-zhlobin,1926,10718,c
c-zhlobin,1939,19301,c
c-zhlobin,1959,19216,c
c-zhlobin,1970,25359,c
c-zhlobin,1979,35422,c
c-zhlobin,1989,56695,c
c-zhlobin,1991,60800,e
c-zhlobin,1999,71200,c
c-zhlobin,2004,72800,e
c-zhlobin,2005,72700,e
c-zhlobin,2006,72700,e
c-zhlobin,2007,72500,e
c-zhlobin,2008,72500,e
c-zhlobin,2009,75866,c
c-zhlobin,2011,75541,e
c-zhlobin,2012,75292,e
c-zhlobin,2013,75377,e
c-zhlobin,2014,75373,e
c-zhlobin,2015,75700,e
c-zhlobin,2016,75956,e
c-zhlobin,2017,76068,e
c-zhlobin,2018,76220,e
c-zhlobin,2019,77636,c
c-zhlobin,2021,77409,e
c-zhlobin,2022,77028,e
c-zhlobin,2023,77049,e
c-zhlobin,2024,76844,e
c-zhlobin,2025,76304,e
c-zhlobin,2026,75732,e
c-zhodzina,1959,6591,c
c-zhodzina,1970,22083,c
c-zhodzina,1979,33926,c
c-zhodzina,1989,53744,c
c-zhodzina,1991,56000,e
c-zhodzina,1999,59300,c
c-zhodzina,2004,60900,e
c-zhodzina,2005,61200,e
c-zhodzina,2006,61500,e
c-zhodzina,2007,61700,e
c-zhodzina,2008,61800,e
c-zhodzina,2009,61724,c
c-zhodzina,2011,62075,e
c-zhodzina,2012,62432,e
c-zhodzina,2013,62696,e
c-zhodzina,2014,63157,e
c-zhodzina,2015,63560,e
c-zhodzina,2016,63888,e
c-zhodzina,2017,64303,e
c-zhodzina,2018,64559,e
c-zhodzina,2019,64841,c
c-zhodzina,2021,64745,e
c-zhodzina,2022,64318,e
c-zhodzina,2023,64000,e
c-zhodzina,2024,63744,e
c-zhodzina,2025,63354,e
c-zhodzina,2026,62983,e
c-zhytkavichy,1923,2421,c
c-zhytkavichy,1926,2881,c
c-zhytkavichy,1939,4349,c
c-zhytkavichy,1959,6730,c
c-zhytkavichy,1970,7879,c
c-zhytkavichy,1979,11175,c
c-zhytkavichy,1989,15518,c
c-zhytkavichy,1991,16800,e
c-zhytkavichy,1999,17100,c
c-zhytkavichy,2004,16900,e
c-zhytkavichy,2005,16700,e
c-zhytkavichy,2006,16600,e
c-zhytkavichy,2007,16600,e
c-zhytkavichy,2008,16700,e
c-zhytkavichy,2009,15893,c
c-zhytkavichy,2011,15864,e
c-zhytkavichy,2012,15800,e
c-zhytkavichy,2013,15828,e
c-zhytkavichy,2014,15904,e
c-zhytkavichy,2015,15850,e
c-zhytkavichy,2016,15933,e
c-zhytkavichy,2017,16019,e
c-zhytkavichy,2018,16002,e
c-zhytkavichy,2019,15980,c
c-zhytkavichy,2021,16083,e
c-zhytkavichy,2022,15953,e
c-zhytkavichy,2023,15961,e
c-zhytkavichy,2024,15950,e
c-zhytkavichy,2025,15788,e
c-zhytkavichy,2026,15697,e
