year,origin_oblast,dest_oblast,age_group,migrants
2009,BY-BR,BY-BR,0-4,1038
2009,BY-BR,BY-BR,10-14,845
2009,BY-BR,BY-BR,15-19,11499
2009,BY-BR,BY-BR,20-24,7581
2009,BY-BR,BY-BR,25-29,3582
2009,BY-BR,BY-BR,30-34,2014
2009,BY-BR,BY-BR,35-39,1347
2009,BY-BR,BY-BR,40-44,921
2009,BY-BR,BY-BR,45-49,865
2009,BY-BR,BY-BR,5-9,1132
2009,BY-BR,BY-BR,50-54,685
2009,BY-BR,BY-BR,55-59,492
2009,BY-BR,BY-BR,60-64,415
2009,BY-BR,BY-BR,65-69,241
2009,BY-BR,BY-BR,70-74,292
2009,BY-BR,BY-BR,75-79,355
2009,BY-BR,BY-BR,80 и старше,551
2009,BY-BR,BY-BR,Возраст не определен,1
2009,BY-BR,BY-HM,0-4,160
2009,BY-BR,BY-HM,10-14,166
2009,BY-BR,BY-HM,15-19,5232
2009,BY-BR,BY-HM,20-24,5441
2009,BY-BR,BY-HM,25-29,925
2009,BY-BR,BY-HM,30-34,406
2009,BY-BR,BY-HM,35-39,250
2009,BY-BR,BY-HM,40-44,155
2009,BY-BR,BY-HM,45-49,105
2009,BY-BR,BY-HM,5-9,165
2009,BY-BR,BY-HM,50-54,100
2009,BY-BR,BY-HM,55-59,76
2009,BY-BR,BY-HM,60-64,66
2009,BY-BR,BY-HM,65-69,36
2009,BY-BR,BY-HM,70-74,44
2009,BY-BR,BY-HM,75-79,48
2009,BY-BR,BY-HM,80 и старше,95
2009,BY-BR,BY-HM,Возраст не определен,1
2009,BY-BR,BY-HO,0-4,42
2009,BY-BR,BY-HO,10-14,45
2009,BY-BR,BY-HO,15-19,1020
2009,BY-BR,BY-HO,20-24,1163
2009,BY-BR,BY-HO,25-29,266
2009,BY-BR,BY-HO,30-34,126
2009,BY-BR,BY-HO,35-39,127
2009,BY-BR,BY-HO,40-44,82
2009,BY-BR,BY-HO,45-49,75
2009,BY-BR,BY-HO,5-9,53
2009,BY-BR,BY-HO,50-54,53
2009,BY-BR,BY-HO,55-59,30
2009,BY-BR,BY-HO,60-64,18
2009,BY-BR,BY-HO,65-69,8
2009,BY-BR,BY-HO,70-74,17
2009,BY-BR,BY-HO,75-79,11
2009,BY-BR,BY-HO,80 и старше,18
2009,BY-BR,BY-HR,0-4,125
2009,BY-BR,BY-HR,10-14,85
2009,BY-BR,BY-HR,15-19,1596
2009,BY-BR,BY-HR,20-24,1578
2009,BY-BR,BY-HR,25-29,498
2009,BY-BR,BY-HR,30-34,321
2009,BY-BR,BY-HR,35-39,246
2009,BY-BR,BY-HR,40-44,209
2009,BY-BR,BY-HR,45-49,176
2009,BY-BR,BY-HR,5-9,109
2009,BY-BR,BY-HR,50-54,115
2009,BY-BR,BY-HR,55-59,66
2009,BY-BR,BY-HR,60-64,24
2009,BY-BR,BY-HR,65-69,20
2009,BY-BR,BY-HR,70-74,33
2009,BY-BR,BY-HR,75-79,30
2009,BY-BR,BY-HR,80 и старше,49
2009,BY-BR,BY-MA,0-4,29
2009,BY-BR,BY-MA,10-14,31
2009,BY-BR,BY-MA,15-19,700
2009,BY-BR,BY-MA,20-24,929
2009,BY-BR,BY-MA,25-29,370
2009,BY-BR,BY-MA,30-34,218
2009,BY-BR,BY-MA,35-39,150
2009,BY-BR,BY-MA,40-44,139
2009,BY-BR,BY-MA,45-49,89
2009,BY-BR,BY-MA,5-9,30
2009,BY-BR,BY-MA,50-54,68
2009,BY-BR,BY-MA,55-59,31
2009,BY-BR,BY-MA,60-64,19
2009,BY-BR,BY-MA,65-69,12
2009,BY-BR,BY-MA,70-74,17
2009,BY-BR,BY-MA,75-79,13
2009,BY-BR,BY-MA,80 и старше,13
2009,BY-BR,BY-MI,0-4,151
2009,BY-BR,BY-MI,10-14,176
2009,BY-BR,BY-MI,15-19,1068
2009,BY-BR,BY-MI,20-24,1486
2009,BY-BR,BY-MI,25-29,662
2009,BY-BR,BY-MI,30-34,301
2009,BY-BR,BY-MI,35-39,246
2009,BY-BR,BY-MI,40-44,168
2009,BY-BR,BY-MI,45-49,146
2009,BY-BR,BY-MI,5-9,216
2009,BY-BR,BY-MI,50-54,106
2009,BY-BR,BY-MI,55-59,66
2009,BY-BR,BY-MI,60-64,59
2009,BY-BR,BY-MI,65-69,37
2009,BY-BR,BY-MI,70-74,45
2009,BY-BR,BY-MI,75-79,39
2009,BY-BR,BY-MI,80 и старше,60
2009,BY-BR,BY-VI,0-4,38
2009,BY-BR,BY-VI,10-14,27
2009,BY-BR,BY-VI,15-19,634
2009,BY-BR,BY-VI,20-24,805
2009,BY-BR,BY-VI,25-29,200
2009,BY-BR,BY-VI,30-34,113
2009,BY-BR,BY-VI,35-39,84
2009,BY-BR,BY-VI,40-44,63
2009,BY-BR,BY-VI,45-49,57
2009,BY-BR,BY-VI,5-9,41
2009,BY-BR,BY-VI,50-54,29
2009,BY-BR,BY-VI,55-59,20
2009,BY-BR,BY-VI,60-64,5
2009,BY-BR,BY-VI,65-69,10
2009,BY-BR,BY-VI,70-74,14
2009,BY-BR,BY-VI,75-79,8
2009,BY-BR,BY-VI,80 и старше,29
2009,BY-HM,BY-BR,0-4,141
2009,BY-HM,BY-BR,10-14,36
2009,BY-HM,BY-BR,15-19,100
2009,BY-HM,BY-BR,20-24,773
2009,BY-HM,BY-BR,25-29,531
2009,BY-HM,BY-BR,30-34,225
2009,BY-HM,BY-BR,35-39,153
2009,BY-HM,BY-BR,40-44,85
2009,BY-HM,BY-BR,45-49,78
2009,BY-HM,BY-BR,5-9,74
2009,BY-HM,BY-BR,50-54,40
2009,BY-HM,BY-BR,55-59,35
2009,BY-HM,BY-BR,60-64,41
2009,BY-HM,BY-BR,65-69,22
2009,BY-HM,BY-BR,70-74,13
2009,BY-HM,BY-BR,75-79,11
2009,BY-HM,BY-BR,80 и старше,12
2009,BY-HM,BY-HO,0-4,112
2009,BY-HM,BY-HO,10-14,25
2009,BY-HM,BY-HO,15-19,59
2009,BY-HM,BY-HO,20-24,422
2009,BY-HM,BY-HO,25-29,367
2009,BY-HM,BY-HO,30-34,195
2009,BY-HM,BY-HO,35-39,141
2009,BY-HM,BY-HO,40-44,129
2009,BY-HM,BY-HO,45-49,135
2009,BY-HM,BY-HO,5-9,43
2009,BY-HM,BY-HO,50-54,125
2009,BY-HM,BY-HO,55-59,65
2009,BY-HM,BY-HO,60-64,31
2009,BY-HM,BY-HO,65-69,12
2009,BY-HM,BY-HO,70-74,8
2009,BY-HM,BY-HO,75-79,4
2009,BY-HM,BY-HO,80 и старше,18
2009,BY-HM,BY-HO,Возраст не определен,1
2009,BY-HM,BY-HR,0-4,153
2009,BY-HM,BY-HR,10-14,20
2009,BY-HM,BY-HR,15-19,139
2009,BY-HM,BY-HR,20-24,915
2009,BY-HM,BY-HR,25-29,674
2009,BY-HM,BY-HR,30-34,350
2009,BY-HM,BY-HR,35-39,181
2009,BY-HM,BY-HR,40-44,152
2009,BY-HM,BY-HR,45-49,138
2009,BY-HM,BY-HR,5-9,73
2009,BY-HM,BY-HR,50-54,112
2009,BY-HM,BY-HR,55-59,91
2009,BY-HM,BY-HR,60-64,62
2009,BY-HM,BY-HR,65-69,26
2009,BY-HM,BY-HR,70-74,29
2009,BY-HM,BY-HR,75-79,8
2009,BY-HM,BY-HR,80 и старше,15
2009,BY-HM,BY-MA,0-4,93
2009,BY-HM,BY-MA,10-14,34
2009,BY-HM,BY-MA,15-19,169
2009,BY-HM,BY-MA,20-24,803
2009,BY-HM,BY-MA,25-29,601
2009,BY-HM,BY-MA,30-34,376
2009,BY-HM,BY-MA,35-39,230
2009,BY-HM,BY-MA,40-44,182
2009,BY-HM,BY-MA,45-49,160
2009,BY-HM,BY-MA,5-9,56
2009,BY-HM,BY-MA,50-54,143
2009,BY-HM,BY-MA,55-59,83
2009,BY-HM,BY-MA,60-64,65
2009,BY-HM,BY-MA,65-69,30
2009,BY-HM,BY-MA,70-74,26
2009,BY-HM,BY-MA,75-79,12
2009,BY-HM,BY-MA,80 и старше,8
2009,BY-HM,BY-MA,Возраст не определен,2
2009,BY-HM,BY-MI,0-4,1096
2009,BY-HM,BY-MI,10-14,566
2009,BY-HM,BY-MI,15-19,1237
2009,BY-HM,BY-MI,20-24,3774
2009,BY-HM,BY-MI,25-29,3245
2009,BY-HM,BY-MI,30-34,2061
2009,BY-HM,BY-MI,35-39,1362
2009,BY-HM,BY-MI,40-44,985
2009,BY-HM,BY-MI,45-49,936
2009,BY-HM,BY-MI,5-9,811
2009,BY-HM,BY-MI,50-54,803
2009,BY-HM,BY-MI,55-59,724
2009,BY-HM,BY-MI,60-64,607
2009,BY-HM,BY-MI,65-69,271
2009,BY-HM,BY-MI,70-74,280
2009,BY-HM,BY-MI,75-79,134
2009,BY-HM,BY-MI,80 и старше,203
2009,BY-HM,BY-VI,0-4,116
2009,BY-HM,BY-VI,10-14,18
2009,BY-HM,BY-VI,15-19,235
2009,BY-HM,BY-VI,20-24,1125
2009,BY-HM,BY-VI,25-29,622
2009,BY-HM,BY-VI,30-34,322
2009,BY-HM,BY-VI,35-39,198
2009,BY-HM,BY-VI,40-44,137
2009,BY-HM,BY-VI,45-49,128
2009,BY-HM,BY-VI,5-9,62
2009,BY-HM,BY-VI,50-54,118
2009,BY-HM,BY-VI,55-59,91
2009,BY-HM,BY-VI,60-64,68
2009,BY-HM,BY-VI,65-69,23
2009,BY-HM,BY-VI,70-74,28
2009,BY-HM,BY-VI,75-79,19
2009,BY-HM,BY-VI,80 и старше,10
2009,BY-HO,BY-BR,0-4,57
2009,BY-HO,BY-BR,10-14,30
2009,BY-HO,BY-BR,15-19,760
2009,BY-HO,BY-BR,20-24,729
2009,BY-HO,BY-BR,25-29,240
2009,BY-HO,BY-BR,30-34,110
2009,BY-HO,BY-BR,35-39,72
2009,BY-HO,BY-BR,40-44,58
2009,BY-HO,BY-BR,45-49,61
2009,BY-HO,BY-BR,5-9,48
2009,BY-HO,BY-BR,50-54,32
2009,BY-HO,BY-BR,55-59,26
2009,BY-HO,BY-BR,60-64,11
2009,BY-HO,BY-BR,65-69,14
2009,BY-HO,BY-BR,70-74,20
2009,BY-HO,BY-BR,75-79,25
2009,BY-HO,BY-BR,80 и старше,35
2009,BY-HO,BY-HM,0-4,94
2009,BY-HO,BY-HM,10-14,128
2009,BY-HO,BY-HM,15-19,3381
2009,BY-HO,BY-HM,20-24,4048
2009,BY-HO,BY-HM,25-29,842
2009,BY-HO,BY-HM,30-34,291
2009,BY-HO,BY-HM,35-39,175
2009,BY-HO,BY-HM,40-44,104
2009,BY-HO,BY-HM,45-49,108
2009,BY-HO,BY-HM,5-9,111
2009,BY-HO,BY-HM,50-54,94
2009,BY-HO,BY-HM,55-59,77
2009,BY-HO,BY-HM,60-64,64
2009,BY-HO,BY-HM,65-69,41
2009,BY-HO,BY-HM,70-74,48
2009,BY-HO,BY-HM,75-79,65
2009,BY-HO,BY-HM,80 и старше,127
2009,BY-HO,BY-HO,0-4,928
2009,BY-HO,BY-HO,10-14,839
2009,BY-HO,BY-HO,15-19,12621
2009,BY-HO,BY-HO,20-24,8256
2009,BY-HO,BY-HO,25-29,3390
2009,BY-HO,BY-HO,30-34,2094
2009,BY-HO,BY-HO,35-39,1484
2009,BY-HO,BY-HO,40-44,1152
2009,BY-HO,BY-HO,45-49,1033
2009,BY-HO,BY-HO,5-9,1061
2009,BY-HO,BY-HO,50-54,892
2009,BY-HO,BY-HO,55-59,606
2009,BY-HO,BY-HO,60-64,399
2009,BY-HO,BY-HO,65-69,270
2009,BY-HO,BY-HO,70-74,424
2009,BY-HO,BY-HO,75-79,348
2009,BY-HO,BY-HO,80 и старше,667
2009,BY-HO,BY-HO,Возраст не определен,6
2009,BY-HO,BY-HR,0-4,43
2009,BY-HO,BY-HR,10-14,23
2009,BY-HO,BY-HR,15-19,294
2009,BY-HO,BY-HR,20-24,483
2009,BY-HO,BY-HR,25-29,178
2009,BY-HO,BY-HR,30-34,79
2009,BY-HO,BY-HR,35-39,53
2009,BY-HO,BY-HR,40-44,43
2009,BY-HO,BY-HR,45-49,36
2009,BY-HO,BY-HR,5-9,30
2009,BY-HO,BY-HR,50-54,27
2009,BY-HO,BY-HR,55-59,13
2009,BY-HO,BY-HR,60-64,12
2009,BY-HO,BY-HR,65-69,14
2009,BY-HO,BY-HR,70-74,18
2009,BY-HO,BY-HR,75-79,18
2009,BY-HO,BY-HR,80 и старше,24
2009,BY-HO,BY-MA,0-4,68
2009,BY-HO,BY-MA,10-14,59
2009,BY-HO,BY-MA,15-19,1883
2009,BY-HO,BY-MA,20-24,1740
2009,BY-HO,BY-MA,25-29,727
2009,BY-HO,BY-MA,30-34,377
2009,BY-HO,BY-MA,35-39,308
2009,BY-HO,BY-MA,40-44,224
2009,BY-HO,BY-MA,45-49,206
2009,BY-HO,BY-MA,5-9,52
2009,BY-HO,BY-MA,50-54,132
2009,BY-HO,BY-MA,55-59,80
2009,BY-HO,BY-MA,60-64,39
2009,BY-HO,BY-MA,65-69,25
2009,BY-HO,BY-MA,70-74,32
2009,BY-HO,BY-MA,75-79,38
2009,BY-HO,BY-MA,80 и старше,61
2009,BY-HO,BY-MA,Возраст не определен,1
2009,BY-HO,BY-MI,0-4,118
2009,BY-HO,BY-MI,10-14,118
2009,BY-HO,BY-MI,15-19,909
2009,BY-HO,BY-MI,20-24,1402
2009,BY-HO,BY-MI,25-29,513
2009,BY-HO,BY-MI,30-34,227
2009,BY-HO,BY-MI,35-39,179
2009,BY-HO,BY-MI,40-44,144
2009,BY-HO,BY-MI,45-49,143
2009,BY-HO,BY-MI,5-9,139
2009,BY-HO,BY-MI,50-54,105
2009,BY-HO,BY-MI,55-59,72
2009,BY-HO,BY-MI,60-64,52
2009,BY-HO,BY-MI,65-69,47
2009,BY-HO,BY-MI,70-74,67
2009,BY-HO,BY-MI,75-79,58
2009,BY-HO,BY-MI,80 и старше,103
2009,BY-HO,BY-VI,0-4,47
2009,BY-HO,BY-VI,10-14,41
2009,BY-HO,BY-VI,15-19,717
2009,BY-HO,BY-VI,20-24,866
2009,BY-HO,BY-VI,25-29,292
2009,BY-HO,BY-VI,30-34,153
2009,BY-HO,BY-VI,35-39,156
2009,BY-HO,BY-VI,40-44,112
2009,BY-HO,BY-VI,45-49,87
2009,BY-HO,BY-VI,5-9,33
2009,BY-HO,BY-VI,50-54,52
2009,BY-HO,BY-VI,55-59,36
2009,BY-HO,BY-VI,60-64,13
2009,BY-HO,BY-VI,65-69,22
2009,BY-HO,BY-VI,70-74,22
2009,BY-HO,BY-VI,75-79,19
2009,BY-HO,BY-VI,80 и старше,40
2009,BY-HR,BY-BR,0-4,75
2009,BY-HR,BY-BR,10-14,67
2009,BY-HR,BY-BR,15-19,1167
2009,BY-HR,BY-BR,20-24,1018
2009,BY-HR,BY-BR,25-29,387
2009,BY-HR,BY-BR,30-34,164
2009,BY-HR,BY-BR,35-39,116
2009,BY-HR,BY-BR,40-44,95
2009,BY-HR,BY-BR,45-49,64
2009,BY-HR,BY-BR,5-9,80
2009,BY-HR,BY-BR,50-54,57
2009,BY-HR,BY-BR,55-59,44
2009,BY-HR,BY-BR,60-64,15
2009,BY-HR,BY-BR,65-69,24
2009,BY-HR,BY-BR,70-74,26
2009,BY-HR,BY-BR,75-79,31
2009,BY-HR,BY-BR,80 и старше,47
2009,BY-HR,BY-HM,0-4,129
2009,BY-HR,BY-HM,10-14,150
2009,BY-HR,BY-HM,15-19,4327
2009,BY-HR,BY-HM,20-24,4324
2009,BY-HR,BY-HM,25-29,801
2009,BY-HR,BY-HM,30-34,290
2009,BY-HR,BY-HM,35-39,224
2009,BY-HR,BY-HM,40-44,156
2009,BY-HR,BY-HM,45-49,119
2009,BY-HR,BY-HM,5-9,126
2009,BY-HR,BY-HM,50-54,91
2009,BY-HR,BY-HM,55-59,78
2009,BY-HR,BY-HM,60-64,41
2009,BY-HR,BY-HM,65-69,42
2009,BY-HR,BY-HM,70-74,38
2009,BY-HR,BY-HM,75-79,53
2009,BY-HR,BY-HM,80 и старше,110
2009,BY-HR,BY-HO,0-4,18
2009,BY-HR,BY-HO,10-14,32
2009,BY-HR,BY-HO,15-19,244
2009,BY-HR,BY-HO,20-24,353
2009,BY-HR,BY-HO,25-29,106
2009,BY-HR,BY-HO,30-34,86
2009,BY-HR,BY-HO,35-39,75
2009,BY-HR,BY-HO,40-44,65
2009,BY-HR,BY-HO,45-49,53
2009,BY-HR,BY-HO,5-9,13
2009,BY-HR,BY-HO,50-54,40
2009,BY-HR,BY-HO,55-59,18
2009,BY-HR,BY-HO,60-64,13
2009,BY-HR,BY-HO,65-69,12
2009,BY-HR,BY-HO,70-74,17
2009,BY-HR,BY-HO,75-79,7
2009,BY-HR,BY-HO,80 и старше,12
2009,BY-HR,BY-HR,0-4,815
2009,BY-HR,BY-HR,10-14,686
2009,BY-HR,BY-HR,15-19,9048
2009,BY-HR,BY-HR,20-24,7392
2009,BY-HR,BY-HR,25-29,3119
2009,BY-HR,BY-HR,30-34,1819
2009,BY-HR,BY-HR,35-39,1270
2009,BY-HR,BY-HR,40-44,906
2009,BY-HR,BY-HR,45-49,813
2009,BY-HR,BY-HR,5-9,863
2009,BY-HR,BY-HR,50-54,649
2009,BY-HR,BY-HR,55-59,429
2009,BY-HR,BY-HR,60-64,305
2009,BY-HR,BY-HR,65-69,282
2009,BY-HR,BY-HR,70-74,277
2009,BY-HR,BY-HR,75-79,327
2009,BY-HR,BY-HR,80 и старше,513
2009,BY-HR,BY-HR,Возраст не определен,1
2009,BY-HR,BY-MA,0-4,23
2009,BY-HR,BY-MA,10-14,30
2009,BY-HR,BY-MA,15-19,313
2009,BY-HR,BY-MA,20-24,504
2009,BY-HR,BY-MA,25-29,231
2009,BY-HR,BY-MA,30-34,154
2009,BY-HR,BY-MA,35-39,129
2009,BY-HR,BY-MA,40-44,98
2009,BY-HR,BY-MA,45-49,65
2009,BY-HR,BY-MA,5-9,21
2009,BY-HR,BY-MA,50-54,50
2009,BY-HR,BY-MA,55-59,32
2009,BY-HR,BY-MA,60-64,11
2009,BY-HR,BY-MA,65-69,5
2009,BY-HR,BY-MA,70-74,9
2009,BY-HR,BY-MA,75-79,6
2009,BY-HR,BY-MA,80 и старше,12
2009,BY-HR,BY-MA,Возраст не определен,1
2009,BY-HR,BY-MI,0-4,115
2009,BY-HR,BY-MI,10-14,111
2009,BY-HR,BY-MI,15-19,1867
2009,BY-HR,BY-MI,20-24,1274
2009,BY-HR,BY-MI,25-29,516
2009,BY-HR,BY-MI,30-34,222
2009,BY-HR,BY-MI,35-39,171
2009,BY-HR,BY-MI,40-44,145
2009,BY-HR,BY-MI,45-49,118
2009,BY-HR,BY-MI,5-9,126
2009,BY-HR,BY-MI,50-54,68
2009,BY-HR,BY-MI,55-59,49
2009,BY-HR,BY-MI,60-64,39
2009,BY-HR,BY-MI,65-69,32
2009,BY-HR,BY-MI,70-74,38
2009,BY-HR,BY-MI,75-79,53
2009,BY-HR,BY-MI,80 и старше,73
2009,BY-HR,BY-VI,0-4,26
2009,BY-HR,BY-VI,10-14,29
2009,BY-HR,BY-VI,15-19,461
2009,BY-HR,BY-VI,20-24,577
2009,BY-HR,BY-VI,25-29,197
2009,BY-HR,BY-VI,30-34,136
2009,BY-HR,BY-VI,35-39,97
2009,BY-HR,BY-VI,40-44,72
2009,BY-HR,BY-VI,45-49,49
2009,BY-HR,BY-VI,5-9,26
2009,BY-HR,BY-VI,50-54,39
2009,BY-HR,BY-VI,55-59,31
2009,BY-HR,BY-VI,60-64,19
2009,BY-HR,BY-VI,65-69,13
2009,BY-HR,BY-VI,70-74,12
2009,BY-HR,BY-VI,75-79,14
2009,BY-HR,BY-VI,80 и старше,23
2009,BY-MA,BY-BR,0-4,47
2009,BY-MA,BY-BR,10-14,23
2009,BY-MA,BY-BR,15-19,217
2009,BY-MA,BY-BR,20-24,421
2009,BY-MA,BY-BR,25-29,192
2009,BY-MA,BY-BR,30-34,52
2009,BY-MA,BY-BR,35-39,41
2009,BY-MA,BY-BR,40-44,27
2009,BY-MA,BY-BR,45-49,29
2009,BY-MA,BY-BR,5-9,19
2009,BY-MA,BY-BR,50-54,28
2009,BY-MA,BY-BR,55-59,17
2009,BY-MA,BY-BR,60-64,17
2009,BY-MA,BY-BR,65-69,5
2009,BY-MA,BY-BR,70-74,12
2009,BY-MA,BY-BR,75-79,15
2009,BY-MA,BY-BR,80 и старше,19
2009,BY-MA,BY-HM,0-4,86
2009,BY-MA,BY-HM,10-14,153
2009,BY-MA,BY-HM,15-19,2634
2009,BY-MA,BY-HM,20-24,3396
2009,BY-MA,BY-HM,25-29,766
2009,BY-MA,BY-HM,30-34,298
2009,BY-MA,BY-HM,35-39,203
2009,BY-MA,BY-HM,40-44,114
2009,BY-MA,BY-HM,45-49,91
2009,BY-MA,BY-HM,5-9,115
2009,BY-MA,BY-HM,50-54,100
2009,BY-MA,BY-HM,55-59,70
2009,BY-MA,BY-HM,60-64,52
2009,BY-MA,BY-HM,65-69,37
2009,BY-MA,BY-HM,70-74,44
2009,BY-MA,BY-HM,75-79,72
2009,BY-MA,BY-HM,80 и старше,151
2009,BY-MA,BY-HO,0-4,77
2009,BY-MA,BY-HO,10-14,77
2009,BY-MA,BY-HO,15-19,1003
2009,BY-MA,BY-HO,20-24,1247
2009,BY-MA,BY-HO,25-29,478
2009,BY-MA,BY-HO,30-34,398
2009,BY-MA,BY-HO,35-39,258
2009,BY-MA,BY-HO,40-44,245
2009,BY-MA,BY-HO,45-49,234
2009,BY-MA,BY-HO,5-9,65
2009,BY-MA,BY-HO,50-54,184
2009,BY-MA,BY-HO,55-59,88
2009,BY-MA,BY-HO,60-64,25
2009,BY-MA,BY-HO,65-69,23
2009,BY-MA,BY-HO,70-74,19
2009,BY-MA,BY-HO,75-79,22
2009,BY-MA,BY-HO,80 и старше,55
2009,BY-MA,BY-HO,Возраст не определен,1
2009,BY-MA,BY-HR,0-4,21
2009,BY-MA,BY-HR,10-14,9
2009,BY-MA,BY-HR,15-19,213
2009,BY-MA,BY-HR,20-24,505
2009,BY-MA,BY-HR,25-29,165
2009,BY-MA,BY-HR,30-34,64
2009,BY-MA,BY-HR,35-39,58
2009,BY-MA,BY-HR,40-44,33
2009,BY-MA,BY-HR,45-49,37
2009,BY-MA,BY-HR,5-9,15
2009,BY-MA,BY-HR,50-54,25
2009,BY-MA,BY-HR,55-59,18
2009,BY-MA,BY-HR,60-64,12
2009,BY-MA,BY-HR,65-69,11
2009,BY-MA,BY-HR,70-74,11
2009,BY-MA,BY-HR,75-79,14
2009,BY-MA,BY-HR,80 и старше,11
2009,BY-MA,BY-MA,0-4,541
2009,BY-MA,BY-MA,10-14,693
2009,BY-MA,BY-MA,15-19,9593
2009,BY-MA,BY-MA,20-24,6370
2009,BY-MA,BY-MA,25-29,2523
2009,BY-MA,BY-MA,30-34,1451
2009,BY-MA,BY-MA,35-39,1062
2009,BY-MA,BY-MA,40-44,806
2009,BY-MA,BY-MA,45-49,692
2009,BY-MA,BY-MA,5-9,652
2009,BY-MA,BY-MA,50-54,614
2009,BY-MA,BY-MA,55-59,475
2009,BY-MA,BY-MA,60-64,303
2009,BY-MA,BY-MA,65-69,188
2009,BY-MA,BY-MA,70-74,297
2009,BY-MA,BY-MA,75-79,262
2009,BY-MA,BY-MA,80 и старше,442
2009,BY-MA,BY-MA,Возраст не определен,1
2009,BY-MA,BY-MI,0-4,132
2009,BY-MA,BY-MI,10-14,144
2009,BY-MA,BY-MI,15-19,842
2009,BY-MA,BY-MI,20-24,1354
2009,BY-MA,BY-MI,25-29,627
2009,BY-MA,BY-MI,30-34,303
2009,BY-MA,BY-MI,35-39,204
2009,BY-MA,BY-MI,40-44,193
2009,BY-MA,BY-MI,45-49,155
2009,BY-MA,BY-MI,5-9,150
2009,BY-MA,BY-MI,50-54,116
2009,BY-MA,BY-MI,55-59,73
2009,BY-MA,BY-MI,60-64,39
2009,BY-MA,BY-MI,65-69,33
2009,BY-MA,BY-MI,70-74,57
2009,BY-MA,BY-MI,75-79,51
2009,BY-MA,BY-MI,80 и старше,93
2009,BY-MA,BY-VI,0-4,76
2009,BY-MA,BY-VI,10-14,56
2009,BY-MA,BY-VI,15-19,1180
2009,BY-MA,BY-VI,20-24,1343
2009,BY-MA,BY-VI,25-29,430
2009,BY-MA,BY-VI,30-34,201
2009,BY-MA,BY-VI,35-39,156
2009,BY-MA,BY-VI,40-44,121
2009,BY-MA,BY-VI,45-49,101
2009,BY-MA,BY-VI,5-9,58
2009,BY-MA,BY-VI,50-54,78
2009,BY-MA,BY-VI,55-59,50
2009,BY-MA,BY-VI,60-64,26
2009,BY-MA,BY-VI,65-69,26
2009,BY-MA,BY-VI,70-74,32
2009,BY-MA,BY-VI,75-79,29
2009,BY-MA,BY-VI,80 и старше,55
2009,BY-MI,BY-BR,0-4,73
2009,BY-MI,BY-BR,10-14,49
2009,BY-MI,BY-BR,15-19,943
2009,BY-MI,BY-BR,20-24,757
2009,BY-MI,BY-BR,25-29,307
2009,BY-MI,BY-BR,30-34,199
2009,BY-MI,BY-BR,35-39,119
2009,BY-MI,BY-BR,40-44,85
2009,BY-MI,BY-BR,45-49,76
2009,BY-MI,BY-BR,5-9,54
2009,BY-MI,BY-BR,50-54,78
2009,BY-MI,BY-BR,55-59,34
2009,BY-MI,BY-BR,60-64,33
2009,BY-MI,BY-BR,65-69,17
2009,BY-MI,BY-BR,70-74,24
2009,BY-MI,BY-BR,75-79,23
2009,BY-MI,BY-BR,80 и старше,39
2009,BY-MI,BY-HM,0-4,296
2009,BY-MI,BY-HM,10-14,373
2009,BY-MI,BY-HM,15-19,9153
2009,BY-MI,BY-HM,20-24,9081
2009,BY-MI,BY-HM,25-29,1907
2009,BY-MI,BY-HM,30-34,835
2009,BY-MI,BY-HM,35-39,509
2009,BY-MI,BY-HM,40-44,406
2009,BY-MI,BY-HM,45-49,332
2009,BY-MI,BY-HM,5-9,324
2009,BY-MI,BY-HM,50-54,216
2009,BY-MI,BY-HM,55-59,151
2009,BY-MI,BY-HM,60-64,130
2009,BY-MI,BY-HM,65-69,129
2009,BY-MI,BY-HM,70-74,191
2009,BY-MI,BY-HM,75-79,213
2009,BY-MI,BY-HM,80 и старше,418
2009,BY-MI,BY-HO,0-4,43
2009,BY-MI,BY-HO,10-14,48
2009,BY-MI,BY-HO,15-19,353
2009,BY-MI,BY-HO,20-24,538
2009,BY-MI,BY-HO,25-29,254
2009,BY-MI,BY-HO,30-34,198
2009,BY-MI,BY-HO,35-39,166
2009,BY-MI,BY-HO,40-44,130
2009,BY-MI,BY-HO,45-49,110
2009,BY-MI,BY-HO,5-9,34
2009,BY-MI,BY-HO,50-54,76
2009,BY-MI,BY-HO,55-59,43
2009,BY-MI,BY-HO,60-64,21
2009,BY-MI,BY-HO,65-69,12
2009,BY-MI,BY-HO,70-74,15
2009,BY-MI,BY-HO,75-79,19
2009,BY-MI,BY-HO,80 и старше,28
2009,BY-MI,BY-HR,0-4,88
2009,BY-MI,BY-HR,10-14,60
2009,BY-MI,BY-HR,15-19,639
2009,BY-MI,BY-HR,20-24,727
2009,BY-MI,BY-HR,25-29,286
2009,BY-MI,BY-HR,30-34,221
2009,BY-MI,BY-HR,35-39,158
2009,BY-MI,BY-HR,40-44,135
2009,BY-MI,BY-HR,45-49,91
2009,BY-MI,BY-HR,5-9,68
2009,BY-MI,BY-HR,50-54,76
2009,BY-MI,BY-HR,55-59,48
2009,BY-MI,BY-HR,60-64,18
2009,BY-MI,BY-HR,65-69,17
2009,BY-MI,BY-HR,70-74,27
2009,BY-MI,BY-HR,75-79,19
2009,BY-MI,BY-HR,80 и старше,34
2009,BY-MI,BY-MA,0-4,63
2009,BY-MI,BY-MA,10-14,54
2009,BY-MI,BY-MA,15-19,1183
2009,BY-MI,BY-MA,20-24,1145
2009,BY-MI,BY-MA,25-29,494
2009,BY-MI,BY-MA,30-34,316
2009,BY-MI,BY-MA,35-39,217
2009,BY-MI,BY-MA,40-44,156
2009,BY-MI,BY-MA,45-49,153
2009,BY-MI,BY-MA,5-9,65
2009,BY-MI,BY-MA,50-54,121
2009,BY-MI,BY-MA,55-59,56
2009,BY-MI,BY-MA,60-64,41
2009,BY-MI,BY-MA,65-69,22
2009,BY-MI,BY-MA,70-74,38
2009,BY-MI,BY-MA,75-79,22
2009,BY-MI,BY-MA,80 и старше,38
2009,BY-MI,BY-MA,Возраст не определен,1
2009,BY-MI,BY-MI,0-4,925
2009,BY-MI,BY-MI,10-14,932
2009,BY-MI,BY-MI,15-19,7277
2009,BY-MI,BY-MI,20-24,5428
2009,BY-MI,BY-MI,25-29,3256
2009,BY-MI,BY-MI,30-34,1962
2009,BY-MI,BY-MI,35-39,1330
2009,BY-MI,BY-MI,40-44,1143
2009,BY-MI,BY-MI,45-49,1052
2009,BY-MI,BY-MI,5-9,1085
2009,BY-MI,BY-MI,50-54,846
2009,BY-MI,BY-MI,55-59,604
2009,BY-MI,BY-MI,60-64,500
2009,BY-MI,BY-MI,65-69,337
2009,BY-MI,BY-MI,70-74,438
2009,BY-MI,BY-MI,75-79,353
2009,BY-MI,BY-MI,80 и старше,617
2009,BY-MI,BY-VI,0-4,84
2009,BY-MI,BY-VI,10-14,41
2009,BY-MI,BY-VI,15-19,977
2009,BY-MI,BY-VI,20-24,1285
2009,BY-MI,BY-VI,25-29,460
2009,BY-MI,BY-VI,30-34,270
2009,BY-MI,BY-VI,35-39,188
2009,BY-MI,BY-VI,40-44,138
2009,BY-MI,BY-VI,45-49,134
2009,BY-MI,BY-VI,5-9,66
2009,BY-MI,BY-VI,50-54,92
2009,BY-MI,BY-VI,55-59,69
2009,BY-MI,BY-VI,60-64,45
2009,BY-MI,BY-VI,65-69,21
2009,BY-MI,BY-VI,70-74,31
2009,BY-MI,BY-VI,75-79,23
2009,BY-MI,BY-VI,80 и старше,36
2009,BY-MI,BY-VI,Возраст не определен,1
2009,BY-VI,BY-BR,0-4,43
2009,BY-VI,BY-BR,10-14,28
2009,BY-VI,BY-BR,15-19,174
2009,BY-VI,BY-BR,20-24,379
2009,BY-VI,BY-BR,25-29,193
2009,BY-VI,BY-BR,30-34,59
2009,BY-VI,BY-BR,35-39,43
2009,BY-VI,BY-BR,40-44,33
2009,BY-VI,BY-BR,45-49,26
2009,BY-VI,BY-BR,5-9,44
2009,BY-VI,BY-BR,50-54,21
2009,BY-VI,BY-BR,55-59,18
2009,BY-VI,BY-BR,60-64,7
2009,BY-VI,BY-BR,65-69,8
2009,BY-VI,BY-BR,70-74,15
2009,BY-VI,BY-BR,75-79,7
2009,BY-VI,BY-BR,80 и старше,23
2009,BY-VI,BY-HM,0-4,114
2009,BY-VI,BY-HM,10-14,150
2009,BY-VI,BY-HM,15-19,3184
2009,BY-VI,BY-HM,20-24,4032
2009,BY-VI,BY-HM,25-29,861
2009,BY-VI,BY-HM,30-34,345
2009,BY-VI,BY-HM,35-39,208
2009,BY-VI,BY-HM,40-44,130
2009,BY-VI,BY-HM,45-49,107
2009,BY-VI,BY-HM,5-9,126
2009,BY-VI,BY-HM,50-54,108
2009,BY-VI,BY-HM,55-59,65
2009,BY-VI,BY-HM,60-64,44
2009,BY-VI,BY-HM,65-69,36
2009,BY-VI,BY-HM,70-74,51
2009,BY-VI,BY-HM,75-79,53
2009,BY-VI,BY-HM,80 и старше,109
2009,BY-VI,BY-HO,0-4,27
2009,BY-VI,BY-HO,10-14,39
2009,BY-VI,BY-HO,15-19,307
2009,BY-VI,BY-HO,20-24,489
2009,BY-VI,BY-HO,25-29,220
2009,BY-VI,BY-HO,30-34,139
2009,BY-VI,BY-HO,35-39,132
2009,BY-VI,BY-HO,40-44,114
2009,BY-VI,BY-HO,45-49,109
2009,BY-VI,BY-HO,5-9,33
2009,BY-VI,BY-HO,50-54,64
2009,BY-VI,BY-HO,55-59,60
2009,BY-VI,BY-HO,60-64,18
2009,BY-VI,BY-HO,65-69,12
2009,BY-VI,BY-HO,70-74,13
2009,BY-VI,BY-HO,75-79,13
2009,BY-VI,BY-HO,80 и старше,17
2009,BY-VI,BY-HR,0-4,48
2009,BY-VI,BY-HR,10-14,21
2009,BY-VI,BY-HR,15-19,134
2009,BY-VI,BY-HR,20-24,442
2009,BY-VI,BY-HR,25-29,199
2009,BY-VI,BY-HR,30-34,72
2009,BY-VI,BY-HR,35-39,53
2009,BY-VI,BY-HR,40-44,55
2009,BY-VI,BY-HR,45-49,46
2009,BY-VI,BY-HR,5-9,20
2009,BY-VI,BY-HR,50-54,26
2009,BY-VI,BY-HR,55-59,16
2009,BY-VI,BY-HR,60-64,18
2009,BY-VI,BY-HR,65-69,11
2009,BY-VI,BY-HR,70-74,14
2009,BY-VI,BY-HR,75-79,10
2009,BY-VI,BY-HR,80 и старше,34
2009,BY-VI,BY-MA,0-4,61
2009,BY-VI,BY-MA,10-14,51
2009,BY-VI,BY-MA,15-19,1103
2009,BY-VI,BY-MA,20-24,1462
2009,BY-VI,BY-MA,25-29,480
2009,BY-VI,BY-MA,30-34,290
2009,BY-VI,BY-MA,35-39,231
2009,BY-VI,BY-MA,40-44,182
2009,BY-VI,BY-MA,45-49,144
2009,BY-VI,BY-MA,5-9,47
2009,BY-VI,BY-MA,50-54,83
2009,BY-VI,BY-MA,55-59,48
2009,BY-VI,BY-MA,60-64,30
2009,BY-VI,BY-MA,65-69,12
2009,BY-VI,BY-MA,70-74,19
2009,BY-VI,BY-MA,75-79,19
2009,BY-VI,BY-MA,80 и старше,21
2009,BY-VI,BY-MA,Возраст не определен,2
2009,BY-VI,BY-MI,0-4,139
2009,BY-VI,BY-MI,10-14,146
2009,BY-VI,BY-MI,15-19,1224
2009,BY-VI,BY-MI,20-24,1508
2009,BY-VI,BY-MI,25-29,716
2009,BY-VI,BY-MI,30-34,364
2009,BY-VI,BY-MI,35-39,282
2009,BY-VI,BY-MI,40-44,204
2009,BY-VI,BY-MI,45-49,186
2009,BY-VI,BY-MI,5-9,153
2009,BY-VI,BY-MI,50-54,133
2009,BY-VI,BY-MI,55-59,81
2009,BY-VI,BY-MI,60-64,52
2009,BY-VI,BY-MI,65-69,54
2009,BY-VI,BY-MI,70-74,46
2009,BY-VI,BY-MI,75-79,52
2009,BY-VI,BY-MI,80 и старше,66
2009,BY-VI,BY-VI,0-4,894
2009,BY-VI,BY-VI,10-14,807
2009,BY-VI,BY-VI,15-19,12517
2009,BY-VI,BY-VI,20-24,10402
2009,BY-VI,BY-VI,25-29,3776
2009,BY-VI,BY-VI,30-34,1921
2009,BY-VI,BY-VI,35-39,1454
2009,BY-VI,BY-VI,40-44,1165
2009,BY-VI,BY-VI,45-49,1110
2009,BY-VI,BY-VI,5-9,975
2009,BY-VI,BY-VI,50-54,914
2009,BY-VI,BY-VI,55-59,684
2009,BY-VI,BY-VI,60-64,474
2009,BY-VI,BY-VI,65-69,328
2009,BY-VI,BY-VI,70-74,448
2009,BY-VI,BY-VI,75-79,400
2009,BY-VI,BY-VI,80 и старше,742
2009,BY-VI,BY-VI,Возраст не определен,3
2019,BY-BR,BY-BR,0-4,3192
2019,BY-BR,BY-BR,10-14,9830
2019,BY-BR,BY-BR,15-19,16506
2019,BY-BR,BY-BR,20-24,14933
2019,BY-BR,BY-BR,25-29,22004
2019,BY-BR,BY-BR,30-34,29302
2019,BY-BR,BY-BR,35-39,31424
2019,BY-BR,BY-BR,40-44,28132
2019,BY-BR,BY-BR,45-49,28116
2019,BY-BR,BY-BR,5-9,6970
2019,BY-BR,BY-BR,50-54,30853
2019,BY-BR,BY-BR,55-59,35683
2019,BY-BR,BY-BR,60-64,37340
2019,BY-BR,BY-BR,65-69,27968
2019,BY-BR,BY-BR,70-74,18431
2019,BY-BR,BY-BR,75-79,10046
2019,BY-BR,BY-BR,80 и старше,12553
2019,BY-BR,BY-BR,Возраст не определен,0
2019,BY-BR,BY-HM,0-4,277
2019,BY-BR,BY-HM,10-14,851
2019,BY-BR,BY-HM,15-19,6700
2019,BY-BR,BY-HM,20-24,7379
2019,BY-BR,BY-HM,25-29,8469
2019,BY-BR,BY-HM,30-34,9490
2019,BY-BR,BY-HM,35-39,7857
2019,BY-BR,BY-HM,40-44,5701
2019,BY-BR,BY-HM,45-49,4652
2019,BY-BR,BY-HM,5-9,726
2019,BY-BR,BY-HM,50-54,4861
2019,BY-BR,BY-HM,55-59,6308
2019,BY-BR,BY-HM,60-64,6833
2019,BY-BR,BY-HM,65-69,5835
2019,BY-BR,BY-HM,70-74,4036
2019,BY-BR,BY-HM,75-79,2021
2019,BY-BR,BY-HM,80 и старше,2301
2019,BY-BR,BY-HM,Возраст не определен,0
2019,BY-BR,BY-HO,0-4,67
2019,BY-BR,BY-HO,10-14,180
2019,BY-BR,BY-HO,15-19,829
2019,BY-BR,BY-HO,20-24,914
2019,BY-BR,BY-HO,25-29,1053
2019,BY-BR,BY-HO,30-34,1304
2019,BY-BR,BY-HO,35-39,1141
2019,BY-BR,BY-HO,40-44,1137
2019,BY-BR,BY-HO,45-49,1168
2019,BY-BR,BY-HO,5-9,155
2019,BY-BR,BY-HO,50-54,1303
2019,BY-BR,BY-HO,55-59,1514
2019,BY-BR,BY-HO,60-64,1643
2019,BY-BR,BY-HO,65-69,1252
2019,BY-BR,BY-HO,70-74,888
2019,BY-BR,BY-HO,75-79,319
2019,BY-BR,BY-HO,80 и старше,377
2019,BY-BR,BY-HR,0-4,167
2019,BY-BR,BY-HR,10-14,311
2019,BY-BR,BY-HR,15-19,2203
2019,BY-BR,BY-HR,20-24,2141
2019,BY-BR,BY-HR,25-29,1938
2019,BY-BR,BY-HR,30-34,2065
2019,BY-BR,BY-HR,35-39,1953
2019,BY-BR,BY-HR,40-44,1620
2019,BY-BR,BY-HR,45-49,1748
2019,BY-BR,BY-HR,5-9,297
2019,BY-BR,BY-HR,50-54,2043
2019,BY-BR,BY-HR,55-59,2465
2019,BY-BR,BY-HR,60-64,2411
2019,BY-BR,BY-HR,65-69,1872
2019,BY-BR,BY-HR,70-74,1237
2019,BY-BR,BY-HR,75-79,712
2019,BY-BR,BY-HR,80 и старше,864
2019,BY-BR,BY-MA,0-4,32
2019,BY-BR,BY-MA,10-14,86
2019,BY-BR,BY-MA,15-19,574
2019,BY-BR,BY-MA,20-24,651
2019,BY-BR,BY-MA,25-29,548
2019,BY-BR,BY-MA,30-34,686
2019,BY-BR,BY-MA,35-39,667
2019,BY-BR,BY-MA,40-44,624
2019,BY-BR,BY-MA,45-49,653
2019,BY-BR,BY-MA,5-9,60
2019,BY-BR,BY-MA,50-54,927
2019,BY-BR,BY-MA,55-59,927
2019,BY-BR,BY-MA,60-64,986
2019,BY-BR,BY-MA,65-69,887
2019,BY-BR,BY-MA,70-74,559
2019,BY-BR,BY-MA,75-79,210
2019,BY-BR,BY-MA,80 и старше,219
2019,BY-BR,BY-MI,0-4,209
2019,BY-BR,BY-MI,10-14,621
2019,BY-BR,BY-MI,15-19,1489
2019,BY-BR,BY-MI,20-24,2297
2019,BY-BR,BY-MI,25-29,2702
2019,BY-BR,BY-MI,30-34,3554
2019,BY-BR,BY-MI,35-39,3384
2019,BY-BR,BY-MI,40-44,2588
2019,BY-BR,BY-MI,45-49,2522
2019,BY-BR,BY-MI,5-9,482
2019,BY-BR,BY-MI,50-54,2958
2019,BY-BR,BY-MI,55-59,3499
2019,BY-BR,BY-MI,60-64,3187
2019,BY-BR,BY-MI,65-69,2263
2019,BY-BR,BY-MI,70-74,1374
2019,BY-BR,BY-MI,75-79,782
2019,BY-BR,BY-MI,80 и старше,965
2019,BY-BR,BY-VI,0-4,39
2019,BY-BR,BY-VI,10-14,99
2019,BY-BR,BY-VI,15-19,448
2019,BY-BR,BY-VI,20-24,520
2019,BY-BR,BY-VI,25-29,466
2019,BY-BR,BY-VI,30-34,632
2019,BY-BR,BY-VI,35-39,714
2019,BY-BR,BY-VI,40-44,737
2019,BY-BR,BY-VI,45-49,747
2019,BY-BR,BY-VI,5-9,70
2019,BY-BR,BY-VI,50-54,847
2019,BY-BR,BY-VI,55-59,922
2019,BY-BR,BY-VI,60-64,1064
2019,BY-BR,BY-VI,65-69,1046
2019,BY-BR,BY-VI,70-74,708
2019,BY-BR,BY-VI,75-79,343
2019,BY-BR,BY-VI,80 и старше,310
2019,BY-HM,BY-BR,0-4,605
2019,BY-HM,BY-BR,10-14,496
2019,BY-HM,BY-BR,15-19,349
2019,BY-HM,BY-BR,20-24,879
2019,BY-HM,BY-BR,25-29,1362
2019,BY-HM,BY-BR,30-34,1612
2019,BY-HM,BY-BR,35-39,1411
2019,BY-HM,BY-BR,40-44,1180
2019,BY-HM,BY-BR,45-49,1027
2019,BY-HM,BY-BR,5-9,679
2019,BY-HM,BY-BR,50-54,1101
2019,BY-HM,BY-BR,55-59,1217
2019,BY-HM,BY-BR,60-64,1005
2019,BY-HM,BY-BR,65-69,727
2019,BY-HM,BY-BR,70-74,470
2019,BY-HM,BY-BR,75-79,231
2019,BY-HM,BY-BR,80 и старше,235
2019,BY-HM,BY-HO,0-4,339
2019,BY-HM,BY-HO,10-14,350
2019,BY-HM,BY-HO,15-19,308
2019,BY-HM,BY-HO,20-24,524
2019,BY-HM,BY-HO,25-29,827
2019,BY-HM,BY-HO,30-34,999
2019,BY-HM,BY-HO,35-39,1011
2019,BY-HM,BY-HO,40-44,905
2019,BY-HM,BY-HO,45-49,752
2019,BY-HM,BY-HO,5-9,421
2019,BY-HM,BY-HO,50-54,699
2019,BY-HM,BY-HO,55-59,810
2019,BY-HM,BY-HO,60-64,769
2019,BY-HM,BY-HO,65-69,657
2019,BY-HM,BY-HO,70-74,350
2019,BY-HM,BY-HO,75-79,165
2019,BY-HM,BY-HO,80 и старше,193
2019,BY-HM,BY-HO,Возраст не определен,0
2019,BY-HM,BY-HR,0-4,598
2019,BY-HM,BY-HR,10-14,507
2019,BY-HM,BY-HR,15-19,365
2019,BY-HM,BY-HR,20-24,694
2019,BY-HM,BY-HR,25-29,1077
2019,BY-HM,BY-HR,30-34,1282
2019,BY-HM,BY-HR,35-39,1188
2019,BY-HM,BY-HR,40-44,892
2019,BY-HM,BY-HR,45-49,802
2019,BY-HM,BY-HR,5-9,648
2019,BY-HM,BY-HR,50-54,902
2019,BY-HM,BY-HR,55-59,994
2019,BY-HM,BY-HR,60-64,953
2019,BY-HM,BY-HR,65-69,608
2019,BY-HM,BY-HR,70-74,345
2019,BY-HM,BY-HR,75-79,184
2019,BY-HM,BY-HR,80 и старше,234
2019,BY-HM,BY-MA,0-4,430
2019,BY-HM,BY-MA,10-14,320
2019,BY-HM,BY-MA,15-19,287
2019,BY-HM,BY-MA,20-24,544
2019,BY-HM,BY-MA,25-29,899
2019,BY-HM,BY-MA,30-34,1052
2019,BY-HM,BY-MA,35-39,984
2019,BY-HM,BY-MA,40-44,845
2019,BY-HM,BY-MA,45-49,752
2019,BY-HM,BY-MA,5-9,433
2019,BY-HM,BY-MA,50-54,725
2019,BY-HM,BY-MA,55-59,777
2019,BY-HM,BY-MA,60-64,821
2019,BY-HM,BY-MA,65-69,628
2019,BY-HM,BY-MA,70-74,326
2019,BY-HM,BY-MA,75-79,140
2019,BY-HM,BY-MA,80 и старше,186
2019,BY-HM,BY-MA,Возраст не определен,0
2019,BY-HM,BY-MI,0-4,7070
2019,BY-HM,BY-MI,10-14,8229
2019,BY-HM,BY-MI,15-19,6288
2019,BY-HM,BY-MI,20-24,5568
2019,BY-HM,BY-MI,25-29,8651
2019,BY-HM,BY-MI,30-34,13581
2019,BY-HM,BY-MI,35-39,13974
2019,BY-HM,BY-MI,40-44,11095
2019,BY-HM,BY-MI,45-49,8379
2019,BY-HM,BY-MI,5-9,9703
2019,BY-HM,BY-MI,50-54,6868
2019,BY-HM,BY-MI,55-59,7631
2019,BY-HM,BY-MI,60-64,7293
2019,BY-HM,BY-MI,65-69,5391
2019,BY-HM,BY-MI,70-74,3174
2019,BY-HM,BY-MI,75-79,1385
2019,BY-HM,BY-MI,80 и старше,1646
2019,BY-HM,BY-VI,0-4,380
2019,BY-HM,BY-VI,10-14,343
2019,BY-HM,BY-VI,15-19,395
2019,BY-HM,BY-VI,20-24,672
2019,BY-HM,BY-VI,25-29,914
2019,BY-HM,BY-VI,30-34,1142
2019,BY-HM,BY-VI,35-39,1043
2019,BY-HM,BY-VI,40-44,949
2019,BY-HM,BY-VI,45-49,785
2019,BY-HM,BY-VI,5-9,471
2019,BY-HM,BY-VI,50-54,869
2019,BY-HM,BY-VI,55-59,916
2019,BY-HM,BY-VI,60-64,1007
2019,BY-HM,BY-VI,65-69,735
2019,BY-HM,BY-VI,70-74,457
2019,BY-HM,BY-VI,75-79,222
2019,BY-HM,BY-VI,80 и старше,226
2019,BY-HO,BY-BR,0-4,95
2019,BY-HO,BY-BR,10-14,287
2019,BY-HO,BY-BR,15-19,758
2019,BY-HO,BY-BR,20-24,886
2019,BY-HO,BY-BR,25-29,1190
2019,BY-HO,BY-BR,30-34,1687
2019,BY-HO,BY-BR,35-39,1643
2019,BY-HO,BY-BR,40-44,1465
2019,BY-HO,BY-BR,45-49,1477
2019,BY-HO,BY-BR,5-9,231
2019,BY-HO,BY-BR,50-54,1903
2019,BY-HO,BY-BR,55-59,2206
2019,BY-HO,BY-BR,60-64,2261
2019,BY-HO,BY-BR,65-69,1790
2019,BY-HO,BY-BR,70-74,1088
2019,BY-HO,BY-BR,75-79,586
2019,BY-HO,BY-BR,80 и старше,1196
2019,BY-HO,BY-HM,0-4,256
2019,BY-HO,BY-HM,10-14,782
2019,BY-HO,BY-HM,15-19,5018
2019,BY-HO,BY-HM,20-24,5793
2019,BY-HO,BY-HM,25-29,6636
2019,BY-HO,BY-HM,30-34,8427
2019,BY-HO,BY-HM,35-39,7764
2019,BY-HO,BY-HM,40-44,5972
2019,BY-HO,BY-HM,45-49,4499
2019,BY-HO,BY-HM,5-9,643
2019,BY-HO,BY-HM,50-54,4794
2019,BY-HO,BY-HM,55-59,7118
2019,BY-HO,BY-HM,60-64,8659
2019,BY-HO,BY-HM,65-69,7983
2019,BY-HO,BY-HM,70-74,4528
2019,BY-HO,BY-HM,75-79,2405
2019,BY-HO,BY-HM,80 и старше,4471
2019,BY-HO,BY-HO,0-4,2683
2019,BY-HO,BY-HO,10-14,9055
2019,BY-HO,BY-HO,15-19,14582
2019,BY-HO,BY-HO,20-24,13534
2019,BY-HO,BY-HO,25-29,20550
2019,BY-HO,BY-HO,30-34,28772
2019,BY-HO,BY-HO,35-39,30885
2019,BY-HO,BY-HO,40-44,28044
2019,BY-HO,BY-HO,45-49,29436
2019,BY-HO,BY-HO,5-9,6750
2019,BY-HO,BY-HO,50-54,33115
2019,BY-HO,BY-HO,55-59,36971
2019,BY-HO,BY-HO,60-64,37346
2019,BY-HO,BY-HO,65-69,27557
2019,BY-HO,BY-HO,70-74,16426
2019,BY-HO,BY-HO,75-79,10248
2019,BY-HO,BY-HO,80 и старше,16868
2019,BY-HO,BY-HO,Возраст не определен,0
2019,BY-HO,BY-HR,0-4,59
2019,BY-HO,BY-HR,10-14,119
2019,BY-HO,BY-HR,15-19,388
2019,BY-HO,BY-HR,20-24,710
2019,BY-HO,BY-HR,25-29,707
2019,BY-HO,BY-HR,30-34,1221
2019,BY-HO,BY-HR,35-39,1138
2019,BY-HO,BY-HR,40-44,915
2019,BY-HO,BY-HR,45-49,900
2019,BY-HO,BY-HR,5-9,96
2019,BY-HO,BY-HR,50-54,1426
2019,BY-HO,BY-HR,55-59,1672
2019,BY-HO,BY-HR,60-64,1449
2019,BY-HO,BY-HR,65-69,1203
2019,BY-HO,BY-HR,70-74,702
2019,BY-HO,BY-HR,75-79,388
2019,BY-HO,BY-HR,80 и старше,772
2019,BY-HO,BY-MA,0-4,69
2019,BY-HO,BY-MA,10-14,265
2019,BY-HO,BY-MA,15-19,1215
2019,BY-HO,BY-MA,20-24,1410
2019,BY-HO,BY-MA,25-29,1494
2019,BY-HO,BY-MA,30-34,1921
2019,BY-HO,BY-MA,35-39,1778
2019,BY-HO,BY-MA,40-44,1624
2019,BY-HO,BY-MA,45-49,1723
2019,BY-HO,BY-MA,5-9,210
2019,BY-HO,BY-MA,50-54,2170
2019,BY-HO,BY-MA,55-59,2877
2019,BY-HO,BY-MA,60-64,2963
2019,BY-HO,BY-MA,65-69,2255
2019,BY-HO,BY-MA,70-74,1307
2019,BY-HO,BY-MA,75-79,723
2019,BY-HO,BY-MA,80 и старше,1216
2019,BY-HO,BY-MA,Возраст не определен,0
2019,BY-HO,BY-MI,0-4,146
2019,BY-HO,BY-MI,10-14,413
2019,BY-HO,BY-MI,15-19,964
2019,BY-HO,BY-MI,20-24,1796
2019,BY-HO,BY-MI,25-29,2244
2019,BY-HO,BY-MI,30-34,3506
2019,BY-HO,BY-MI,35-39,3488
2019,BY-HO,BY-MI,40-44,3055
2019,BY-HO,BY-MI,45-49,2593
2019,BY-HO,BY-MI,5-9,330
2019,BY-HO,BY-MI,50-54,3328
2019,BY-HO,BY-MI,55-59,4401
2019,BY-HO,BY-MI,60-64,4519
2019,BY-HO,BY-MI,65-69,3252
2019,BY-HO,BY-MI,70-74,1713
2019,BY-HO,BY-MI,75-79,1074
2019,BY-HO,BY-MI,80 и старше,1816
2019,BY-HO,BY-VI,0-4,41
2019,BY-HO,BY-VI,10-14,154
2019,BY-HO,BY-VI,15-19,479
2019,BY-HO,BY-VI,20-24,584
2019,BY-HO,BY-VI,25-29,739
2019,BY-HO,BY-VI,30-34,1270
2019,BY-HO,BY-VI,35-39,1393
2019,BY-HO,BY-VI,40-44,1201
2019,BY-HO,BY-VI,45-49,1124
2019,BY-HO,BY-VI,5-9,123
2019,BY-HO,BY-VI,50-54,1508
2019,BY-HO,BY-VI,55-59,1870
2019,BY-HO,BY-VI,60-64,2141
2019,BY-HO,BY-VI,65-69,1702
2019,BY-HO,BY-VI,70-74,935
2019,BY-HO,BY-VI,75-79,522
2019,BY-HO,BY-VI,80 и старше,844
2019,BY-HR,BY-BR,0-4,282
2019,BY-HR,BY-BR,10-14,366
2019,BY-HR,BY-BR,15-19,990
2019,BY-HR,BY-BR,20-24,1182
2019,BY-HR,BY-BR,25-29,1765
2019,BY-HR,BY-BR,30-34,1938
2019,BY-HR,BY-BR,35-39,1789
2019,BY-HR,BY-BR,40-44,1609
2019,BY-HR,BY-BR,45-49,1819
2019,BY-HR,BY-BR,5-9,342
2019,BY-HR,BY-BR,50-54,2289
2019,BY-HR,BY-BR,55-59,2690
2019,BY-HR,BY-BR,60-64,2827
2019,BY-HR,BY-BR,65-69,2360
2019,BY-HR,BY-BR,70-74,1784
2019,BY-HR,BY-BR,75-79,938
2019,BY-HR,BY-BR,80 и старше,1050
2019,BY-HR,BY-HM,0-4,280
2019,BY-HR,BY-HM,10-14,689
2019,BY-HR,BY-HM,15-19,4729
2019,BY-HR,BY-HM,20-24,5491
2019,BY-HR,BY-HM,25-29,7236
2019,BY-HR,BY-HM,30-34,8343
2019,BY-HR,BY-HM,35-39,6707
2019,BY-HR,BY-HM,40-44,4824
2019,BY-HR,BY-HM,45-49,4169
2019,BY-HR,BY-HM,5-9,659
2019,BY-HR,BY-HM,50-54,4854
2019,BY-HR,BY-HM,55-59,6978
2019,BY-HR,BY-HM,60-64,6894
2019,BY-HR,BY-HM,65-69,5980
2019,BY-HR,BY-HM,70-74,4148
2019,BY-HR,BY-HM,75-79,2345
2019,BY-HR,BY-HM,80 и старше,2689
2019,BY-HR,BY-HO,0-4,56
2019,BY-HR,BY-HO,10-14,112
2019,BY-HR,BY-HO,15-19,190
2019,BY-HR,BY-HO,20-24,287
2019,BY-HR,BY-HO,25-29,507
2019,BY-HR,BY-HO,30-34,518
2019,BY-HR,BY-HO,35-39,492
2019,BY-HR,BY-HO,40-44,484
2019,BY-HR,BY-HO,45-49,508
2019,BY-HR,BY-HO,5-9,76
2019,BY-HR,BY-HO,50-54,612
2019,BY-HR,BY-HO,55-59,681
2019,BY-HR,BY-HO,60-64,698
2019,BY-HR,BY-HO,65-69,686
2019,BY-HR,BY-HO,70-74,439
2019,BY-HR,BY-HO,75-79,212
2019,BY-HR,BY-HO,80 и старше,274
2019,BY-HR,BY-HR,0-4,2975
2019,BY-HR,BY-HR,10-14,6035
2019,BY-HR,BY-HR,15-19,11345
2019,BY-HR,BY-HR,20-24,11134
2019,BY-HR,BY-HR,25-29,17133
2019,BY-HR,BY-HR,30-34,22415
2019,BY-HR,BY-HR,35-39,22718
2019,BY-HR,BY-HR,40-44,20514
2019,BY-HR,BY-HR,45-49,23014
2019,BY-HR,BY-HR,5-9,4212
2019,BY-HR,BY-HR,50-54,26745
2019,BY-HR,BY-HR,55-59,30594
2019,BY-HR,BY-HR,60-64,29019
2019,BY-HR,BY-HR,65-69,21127
2019,BY-HR,BY-HR,70-74,15581
2019,BY-HR,BY-HR,75-79,10555
2019,BY-HR,BY-HR,80 и старше,13131
2019,BY-HR,BY-HR,Возраст не определен,0
2019,BY-HR,BY-MA,0-4,16
2019,BY-HR,BY-MA,10-14,60
2019,BY-HR,BY-MA,15-19,175
2019,BY-HR,BY-MA,20-24,312
2019,BY-HR,BY-MA,25-29,375
2019,BY-HR,BY-MA,30-34,425
2019,BY-HR,BY-MA,35-39,386
2019,BY-HR,BY-MA,40-44,373
2019,BY-HR,BY-MA,45-49,468
2019,BY-HR,BY-MA,5-9,42
2019,BY-HR,BY-MA,50-54,553
2019,BY-HR,BY-MA,55-59,642
2019,BY-HR,BY-MA,60-64,664
2019,BY-HR,BY-MA,65-69,620
2019,BY-HR,BY-MA,70-74,399
2019,BY-HR,BY-MA,75-79,195
2019,BY-HR,BY-MA,80 и старше,179
2019,BY-HR,BY-MA,Возраст не определен,0
2019,BY-HR,BY-MI,0-4,146
2019,BY-HR,BY-MI,10-14,421
2019,BY-HR,BY-MI,15-19,1119
2019,BY-HR,BY-MI,20-24,1329
2019,BY-HR,BY-MI,25-29,2100
2019,BY-HR,BY-MI,30-34,2737
2019,BY-HR,BY-MI,35-39,2442
2019,BY-HR,BY-MI,40-44,1932
2019,BY-HR,BY-MI,45-49,2107
2019,BY-HR,BY-MI,5-9,331
2019,BY-HR,BY-MI,50-54,2537
2019,BY-HR,BY-MI,55-59,3287
2019,BY-HR,BY-MI,60-64,3044
2019,BY-HR,BY-MI,65-69,2290
2019,BY-HR,BY-MI,70-74,1577
2019,BY-HR,BY-MI,75-79,1000
2019,BY-HR,BY-MI,80 и старше,1205
2019,BY-HR,BY-VI,0-4,35
2019,BY-HR,BY-VI,10-14,80
2019,BY-HR,BY-VI,15-19,261
2019,BY-HR,BY-VI,20-24,330
2019,BY-HR,BY-VI,25-29,396
2019,BY-HR,BY-VI,30-34,518
2019,BY-HR,BY-VI,35-39,522
2019,BY-HR,BY-VI,40-44,483
2019,BY-HR,BY-VI,45-49,530
2019,BY-HR,BY-VI,5-9,58
2019,BY-HR,BY-VI,50-54,733
2019,BY-HR,BY-VI,55-59,792
2019,BY-HR,BY-VI,60-64,923
2019,BY-HR,BY-VI,65-69,877
2019,BY-HR,BY-VI,70-74,656
2019,BY-HR,BY-VI,75-79,365
2019,BY-HR,BY-VI,80 и старше,337
2019,BY-MA,BY-BR,0-4,46
2019,BY-MA,BY-BR,10-14,128
2019,BY-MA,BY-BR,15-19,227
2019,BY-MA,BY-BR,20-24,438
2019,BY-MA,BY-BR,25-29,584
2019,BY-MA,BY-BR,30-34,834
2019,BY-MA,BY-BR,35-39,800
2019,BY-MA,BY-BR,40-44,633
2019,BY-MA,BY-BR,45-49,655
2019,BY-MA,BY-BR,5-9,89
2019,BY-MA,BY-BR,50-54,869
2019,BY-MA,BY-BR,55-59,1009
2019,BY-MA,BY-BR,60-64,1104
2019,BY-MA,BY-BR,65-69,1026
2019,BY-MA,BY-BR,70-74,639
2019,BY-MA,BY-BR,75-79,375
2019,BY-MA,BY-BR,80 и старше,706
2019,BY-MA,BY-HM,0-4,231
2019,BY-MA,BY-HM,10-14,605
2019,BY-MA,BY-HM,15-19,4367
2019,BY-MA,BY-HM,20-24,4862
2019,BY-MA,BY-HM,25-29,5618
2019,BY-MA,BY-HM,30-34,6568
2019,BY-MA,BY-HM,35-39,6006
2019,BY-MA,BY-HM,40-44,4610
2019,BY-MA,BY-HM,45-49,3799
2019,BY-MA,BY-HM,5-9,531
2019,BY-MA,BY-HM,50-54,4177
2019,BY-MA,BY-HM,55-59,6905
2019,BY-MA,BY-HM,60-64,8649
2019,BY-MA,BY-HM,65-69,8370
2019,BY-MA,BY-HM,70-74,5493
2019,BY-MA,BY-HM,75-79,3226
2019,BY-MA,BY-HM,80 и старше,5779
2019,BY-MA,BY-HO,0-4,90
2019,BY-MA,BY-HO,10-14,262
2019,BY-MA,BY-HO,15-19,1028
2019,BY-MA,BY-HO,20-24,982
2019,BY-MA,BY-HO,25-29,1299
2019,BY-MA,BY-HO,30-34,1775
2019,BY-MA,BY-HO,35-39,1684
2019,BY-MA,BY-HO,40-44,1552
2019,BY-MA,BY-HO,45-49,1707
2019,BY-MA,BY-HO,5-9,204
2019,BY-MA,BY-HO,50-54,1985
2019,BY-MA,BY-HO,55-59,2498
2019,BY-MA,BY-HO,60-64,2707
2019,BY-MA,BY-HO,65-69,2195
2019,BY-MA,BY-HO,70-74,1424
2019,BY-MA,BY-HO,75-79,870
2019,BY-MA,BY-HO,80 и старше,1464
2019,BY-MA,BY-HO,Возраст не определен,0
2019,BY-MA,BY-HR,0-4,47
2019,BY-MA,BY-HR,10-14,100
2019,BY-MA,BY-HR,15-19,240
2019,BY-MA,BY-HR,20-24,443
2019,BY-MA,BY-HR,25-29,468
2019,BY-MA,BY-HR,30-34,586
2019,BY-MA,BY-HR,35-39,567
2019,BY-MA,BY-HR,40-44,477
2019,BY-MA,BY-HR,45-49,472
2019,BY-MA,BY-HR,5-9,73
2019,BY-MA,BY-HR,50-54,672
2019,BY-MA,BY-HR,55-59,1105
2019,BY-MA,BY-HR,60-64,988
2019,BY-MA,BY-HR,65-69,924
2019,BY-MA,BY-HR,70-74,649
2019,BY-MA,BY-HR,75-79,429
2019,BY-MA,BY-HR,80 и старше,776
2019,BY-MA,BY-MA,0-4,1028
2019,BY-MA,BY-MA,10-14,4313
2019,BY-MA,BY-MA,15-19,8307
2019,BY-MA,BY-MA,20-24,8187
2019,BY-MA,BY-MA,25-29,12387
2019,BY-MA,BY-MA,30-34,17472
2019,BY-MA,BY-MA,35-39,18161
2019,BY-MA,BY-MA,40-44,17968
2019,BY-MA,BY-MA,45-49,18102
2019,BY-MA,BY-MA,5-9,2827
2019,BY-MA,BY-MA,50-54,20065
2019,BY-MA,BY-MA,55-59,24392
2019,BY-MA,BY-MA,60-64,27678
2019,BY-MA,BY-MA,65-69,22186
2019,BY-MA,BY-MA,70-74,12444
2019,BY-MA,BY-MA,75-79,6471
2019,BY-MA,BY-MA,80 и старше,10531
2019,BY-MA,BY-MA,Возраст не определен,0
2019,BY-MA,BY-MI,0-4,108
2019,BY-MA,BY-MI,10-14,407
2019,BY-MA,BY-MI,15-19,825
2019,BY-MA,BY-MI,20-24,1485
2019,BY-MA,BY-MI,25-29,1849
2019,BY-MA,BY-MI,30-34,2720
2019,BY-MA,BY-MI,35-39,2738
2019,BY-MA,BY-MI,40-44,2174
2019,BY-MA,BY-MI,45-49,1917
2019,BY-MA,BY-MI,5-9,340
2019,BY-MA,BY-MI,50-54,2427
2019,BY-MA,BY-MI,55-59,3274
2019,BY-MA,BY-MI,60-64,3502
2019,BY-MA,BY-MI,65-69,2686
2019,BY-MA,BY-MI,70-74,1624
2019,BY-MA,BY-MI,75-79,1038
2019,BY-MA,BY-MI,80 и старше,2034
2019,BY-MA,BY-VI,0-4,59
2019,BY-MA,BY-VI,10-14,208
2019,BY-MA,BY-VI,15-19,1208
2019,BY-MA,BY-VI,20-24,1240
2019,BY-MA,BY-VI,25-29,1141
2019,BY-MA,BY-VI,30-34,1679
2019,BY-MA,BY-VI,35-39,1572
2019,BY-MA,BY-VI,40-44,1510
2019,BY-MA,BY-VI,45-49,1528
2019,BY-MA,BY-VI,5-9,128
2019,BY-MA,BY-VI,50-54,2023
2019,BY-MA,BY-VI,55-59,2571
2019,BY-MA,BY-VI,60-64,3239
2019,BY-MA,BY-VI,65-69,2763
2019,BY-MA,BY-VI,70-74,1692
2019,BY-MA,BY-VI,75-79,1114
2019,BY-MA,BY-VI,80 и старше,1634
2019,BY-MI,BY-BR,0-4,246
2019,BY-MI,BY-BR,10-14,376
2019,BY-MI,BY-BR,15-19,1044
2019,BY-MI,BY-BR,20-24,902
2019,BY-MI,BY-BR,25-29,1298
2019,BY-MI,BY-BR,30-34,1717
2019,BY-MI,BY-BR,35-39,1599
2019,BY-MI,BY-BR,40-44,1462
2019,BY-MI,BY-BR,45-49,1589
2019,BY-MI,BY-BR,5-9,371
2019,BY-MI,BY-BR,50-54,1823
2019,BY-MI,BY-BR,55-59,2247
2019,BY-MI,BY-BR,60-64,2343
2019,BY-MI,BY-BR,65-69,1821
2019,BY-MI,BY-BR,70-74,1538
2019,BY-MI,BY-BR,75-79,845
2019,BY-MI,BY-BR,80 и старше,1166
2019,BY-MI,BY-HM,0-4,1259
2019,BY-MI,BY-HM,10-14,2642
2019,BY-MI,BY-HM,15-19,10008
2019,BY-MI,BY-HM,20-24,11179
2019,BY-MI,BY-HM,25-29,16764
2019,BY-MI,BY-HM,30-34,23306
2019,BY-MI,BY-HM,35-39,24064
2019,BY-MI,BY-HM,40-44,19793
2019,BY-MI,BY-HM,45-49,19481
2019,BY-MI,BY-HM,5-9,2547
2019,BY-MI,BY-HM,50-54,22374
2019,BY-MI,BY-HM,55-59,33059
2019,BY-MI,BY-HM,60-64,35595
2019,BY-MI,BY-HM,65-69,30803
2019,BY-MI,BY-HM,70-74,21947
2019,BY-MI,BY-HM,75-79,13984
2019,BY-MI,BY-HM,80 и старше,21276
2019,BY-MI,BY-HO,0-4,103
2019,BY-MI,BY-HO,10-14,219
2019,BY-MI,BY-HO,15-19,399
2019,BY-MI,BY-HO,20-24,557
2019,BY-MI,BY-HO,25-29,790
2019,BY-MI,BY-HO,30-34,1055
2019,BY-MI,BY-HO,35-39,1071
2019,BY-MI,BY-HO,40-44,1102
2019,BY-MI,BY-HO,45-49,982
2019,BY-MI,BY-HO,5-9,174
2019,BY-MI,BY-HO,50-54,1204
2019,BY-MI,BY-HO,55-59,1372
2019,BY-MI,BY-HO,60-64,1416
2019,BY-MI,BY-HO,65-69,1136
2019,BY-MI,BY-HO,70-74,798
2019,BY-MI,BY-HO,75-79,514
2019,BY-MI,BY-HO,80 и старше,611
2019,BY-MI,BY-HR,0-4,163
2019,BY-MI,BY-HR,10-14,257
2019,BY-MI,BY-HR,15-19,764
2019,BY-MI,BY-HR,20-24,860
2019,BY-MI,BY-HR,25-29,985
2019,BY-MI,BY-HR,30-34,1354
2019,BY-MI,BY-HR,35-39,1264
2019,BY-MI,BY-HR,40-44,1125
2019,BY-MI,BY-HR,45-49,1199
2019,BY-MI,BY-HR,5-9,306
2019,BY-MI,BY-HR,50-54,1491
2019,BY-MI,BY-HR,55-59,1799
2019,BY-MI,BY-HR,60-64,1807
2019,BY-MI,BY-HR,65-69,1397
2019,BY-MI,BY-HR,70-74,1060
2019,BY-MI,BY-HR,75-79,739
2019,BY-MI,BY-HR,80 и старше,1126
2019,BY-MI,BY-MA,0-4,101
2019,BY-MI,BY-MA,10-14,227
2019,BY-MI,BY-MA,15-19,734
2019,BY-MI,BY-MA,20-24,724
2019,BY-MI,BY-MA,25-29,1022
2019,BY-MI,BY-MA,30-34,1275
2019,BY-MI,BY-MA,35-39,1288
2019,BY-MI,BY-MA,40-44,1352
2019,BY-MI,BY-MA,45-49,1326
2019,BY-MI,BY-MA,5-9,206
2019,BY-MI,BY-MA,50-54,1664
2019,BY-MI,BY-MA,55-59,1808
2019,BY-MI,BY-MA,60-64,1978
2019,BY-MI,BY-MA,65-69,1531
2019,BY-MI,BY-MA,70-74,1063
2019,BY-MI,BY-MA,75-79,632
2019,BY-MI,BY-MA,80 и старше,844
2019,BY-MI,BY-MA,Возраст не определен,0
2019,BY-MI,BY-MI,0-4,2135
2019,BY-MI,BY-MI,10-14,6956
2019,BY-MI,BY-MI,15-19,11116
2019,BY-MI,BY-MI,20-24,10934
2019,BY-MI,BY-MI,25-29,17832
2019,BY-MI,BY-MI,30-34,25640
2019,BY-MI,BY-MI,35-39,27573
2019,BY-MI,BY-MI,40-44,24934
2019,BY-MI,BY-MI,45-49,25858
2019,BY-MI,BY-MI,5-9,5318
2019,BY-MI,BY-MI,50-54,28409
2019,BY-MI,BY-MI,55-59,35390
2019,BY-MI,BY-MI,60-64,32329
2019,BY-MI,BY-MI,65-69,22192
2019,BY-MI,BY-MI,70-74,15042
2019,BY-MI,BY-MI,75-79,9649
2019,BY-MI,BY-MI,80 и старше,12374
2019,BY-MI,BY-VI,0-4,375
2019,BY-MI,BY-VI,10-14,346
2019,BY-MI,BY-VI,15-19,889
2019,BY-MI,BY-VI,20-24,858
2019,BY-MI,BY-VI,25-29,999
2019,BY-MI,BY-VI,30-34,1317
2019,BY-MI,BY-VI,35-39,1316
2019,BY-MI,BY-VI,40-44,1251
2019,BY-MI,BY-VI,45-49,1391
2019,BY-MI,BY-VI,5-9,300
2019,BY-MI,BY-VI,50-54,1630
2019,BY-MI,BY-VI,55-59,1928
2019,BY-MI,BY-VI,60-64,2047
2019,BY-MI,BY-VI,65-69,1845
2019,BY-MI,BY-VI,70-74,1237
2019,BY-MI,BY-VI,75-79,837
2019,BY-MI,BY-VI,80 и старше,1048
2019,BY-MI,BY-VI,Возраст не определен,0
2019,BY-VI,BY-BR,0-4,54
2019,BY-VI,BY-BR,10-14,173
2019,BY-VI,BY-BR,15-19,177
2019,BY-VI,BY-BR,20-24,379
2019,BY-VI,BY-BR,25-29,575
2019,BY-VI,BY-BR,30-34,800
2019,BY-VI,BY-BR,35-39,789
2019,BY-VI,BY-BR,40-44,735
2019,BY-VI,BY-BR,45-49,700
2019,BY-VI,BY-BR,5-9,158
2019,BY-VI,BY-BR,50-54,776
2019,BY-VI,BY-BR,55-59,897
2019,BY-VI,BY-BR,60-64,979
2019,BY-VI,BY-BR,65-69,747
2019,BY-VI,BY-BR,70-74,579
2019,BY-VI,BY-BR,75-79,317
2019,BY-VI,BY-BR,80 и старше,589
2019,BY-VI,BY-HM,0-4,295
2019,BY-VI,BY-HM,10-14,823
2019,BY-VI,BY-HM,15-19,4157
2019,BY-VI,BY-HM,20-24,5322
2019,BY-VI,BY-HM,25-29,6844
2019,BY-VI,BY-HM,30-34,8200
2019,BY-VI,BY-HM,35-39,6529
2019,BY-VI,BY-HM,40-44,5030
2019,BY-VI,BY-HM,45-49,4108
2019,BY-VI,BY-HM,5-9,726
2019,BY-VI,BY-HM,50-54,4298
2019,BY-VI,BY-HM,55-59,6074
2019,BY-VI,BY-HM,60-64,6805
2019,BY-VI,BY-HM,65-69,6311
2019,BY-VI,BY-HM,70-74,3972
2019,BY-VI,BY-HM,75-79,2467
2019,BY-VI,BY-HM,80 и старше,4540
2019,BY-VI,BY-HO,0-4,47
2019,BY-VI,BY-HO,10-14,154
2019,BY-VI,BY-HO,15-19,303
2019,BY-VI,BY-HO,20-24,434
2019,BY-VI,BY-HO,25-29,688
2019,BY-VI,BY-HO,30-34,877
2019,BY-VI,BY-HO,35-39,860
2019,BY-VI,BY-HO,40-44,772
2019,BY-VI,BY-HO,45-49,820
2019,BY-VI,BY-HO,5-9,111
2019,BY-VI,BY-HO,50-54,903
2019,BY-VI,BY-HO,55-59,1007
2019,BY-VI,BY-HO,60-64,1092
2019,BY-VI,BY-HO,65-69,964
2019,BY-VI,BY-HO,70-74,589
2019,BY-VI,BY-HO,75-79,372
2019,BY-VI,BY-HO,80 и старше,643
2019,BY-VI,BY-HR,0-4,99
2019,BY-VI,BY-HR,10-14,171
2019,BY-VI,BY-HR,15-19,248
2019,BY-VI,BY-HR,20-24,528
2019,BY-VI,BY-HR,25-29,639
2019,BY-VI,BY-HR,30-34,801
2019,BY-VI,BY-HR,35-39,711
2019,BY-VI,BY-HR,40-44,610
2019,BY-VI,BY-HR,45-49,552
2019,BY-VI,BY-HR,5-9,157
2019,BY-VI,BY-HR,50-54,772
2019,BY-VI,BY-HR,55-59,897
2019,BY-VI,BY-HR,60-64,960
2019,BY-VI,BY-HR,65-69,786
2019,BY-VI,BY-HR,70-74,506
2019,BY-VI,BY-HR,75-79,433
2019,BY-VI,BY-HR,80 и старше,886
2019,BY-VI,BY-MA,0-4,87
2019,BY-VI,BY-MA,10-14,316
2019,BY-VI,BY-MA,15-19,879
2019,BY-VI,BY-MA,20-24,1066
2019,BY-VI,BY-MA,25-29,1404
2019,BY-VI,BY-MA,30-34,1572
2019,BY-VI,BY-MA,35-39,1574
2019,BY-VI,BY-MA,40-44,1645
2019,BY-VI,BY-MA,45-49,1684
2019,BY-VI,BY-MA,5-9,221
2019,BY-VI,BY-MA,50-54,1758
2019,BY-VI,BY-MA,55-59,1922
2019,BY-VI,BY-MA,60-64,1992
2019,BY-VI,BY-MA,65-69,1645
2019,BY-VI,BY-MA,70-74,1087
2019,BY-VI,BY-MA,75-79,543
2019,BY-VI,BY-MA,80 и старше,877
2019,BY-VI,BY-MA,Возраст не определен,0
2019,BY-VI,BY-MI,0-4,151
2019,BY-VI,BY-MI,10-14,501
2019,BY-VI,BY-MI,15-19,986
2019,BY-VI,BY-MI,20-24,1639
2019,BY-VI,BY-MI,25-29,2347
2019,BY-VI,BY-MI,30-34,3206
2019,BY-VI,BY-MI,35-39,3089
2019,BY-VI,BY-MI,40-44,2553
2019,BY-VI,BY-MI,45-49,2578
2019,BY-VI,BY-MI,5-9,417
2019,BY-VI,BY-MI,50-54,2779
2019,BY-VI,BY-MI,55-59,3666
2019,BY-VI,BY-MI,60-64,3438
2019,BY-VI,BY-MI,65-69,2568
2019,BY-VI,BY-MI,70-74,1651
2019,BY-VI,BY-MI,75-79,1122
2019,BY-VI,BY-MI,80 и старше,1813
2019,BY-VI,BY-VI,0-4,1522
2019,BY-VI,BY-VI,10-14,5794
2019,BY-VI,BY-VI,15-19,11726
2019,BY-VI,BY-VI,20-24,11294
2019,BY-VI,BY-VI,25-29,17861
2019,BY-VI,BY-VI,30-34,24252
2019,BY-VI,BY-VI,35-39,23902
2019,BY-VI,BY-VI,40-44,22521
2019,BY-VI,BY-VI,45-49,23269
2019,BY-VI,BY-VI,5-9,3798
2019,BY-VI,BY-VI,50-54,25216
2019,BY-VI,BY-VI,55-59,29580
2019,BY-VI,BY-VI,60-64,33582
2019,BY-VI,BY-VI,65-69,27010
2019,BY-VI,BY-VI,70-74,17815
2019,BY-VI,BY-VI,75-79,10628
2019,BY-VI,BY-VI,80 и старше,17474
2019,BY-VI,BY-VI,Возраст не определен,0
