territory_id,year,wage_byn
BY,2010,121.7313
BY,2011,189.9782
BY,2012,367.6083
BY,2013,506.1418
BY,2014,605.2367
BY,2015,671.4997
BY,2016,722.7
BY,2017,822.8
BY,2018,971.4
BY,2019,1092.9
BY,2020,1254.6
BY,2021,1443.5
BY,2022,1633.2
BY,2023,1915.9
BY,2024,2288.6
BY,2025,2679.7
BY-BR,2010,108.809
BY-BR,2011,164.6764
BY-BR,2012,318.5284
BY-BR,2013,443.1046
BY-BR,2014,529.4065
BY-BR,2015,575.7018
BY-BR,2016,617.4
BY-BR,2017,699.1
BY-BR,2018,828.4
BY-BR,2019,929.2
BY-BR,2020,1054.6
BY-BR,2021,1205.8
BY-BR,2022,1386.8
BY-BR,2023,1655.4
BY-BR,2024,1989.2
BY-BR,2025,2360.4
BY-HM,2010,153.7243
BY-HM,2011,240.4418
BY-HM,2012,457.4993
BY-HM,2013,636.7503
BY-HM,2014,773.1043
BY-HM,2015,887.2477
BY-HM,2016,985.8
BY-HM,2017,1125.5
BY-HM,2018,1329.6
BY-HM,2019,1495.2
BY-HM,2020,1753.4
BY-HM,2021,2024.1
BY-HM,2022,2255.1
BY-HM,2023,2569.1
BY-HM,2024,3024.7
BY-HM,2025,3460.8
BY-HO,2010,115.2295
BY-HO,2011,179.0042
BY-HO,2012,351.6754
BY-HO,2013,481.6332
BY-HO,2014,564.1865
BY-HO,2015,609.5879
BY-HO,2016,633.5
BY-HO,2017,722.9
BY-HO,2018,853.3
BY-HO,2019,955.8
BY-HO,2020,1079.4
BY-HO,2021,1248.5
BY-HO,2022,1424.7
BY-HO,2023,1696.7
BY-HO,2024,2016.6
BY-HO,2025,2357.5
BY-HR,2010,110.5195
BY-HR,2011,171.4805
BY-HR,2012,329.6849
BY-HR,2013,457.8849
BY-HR,2014,542.6829
BY-HR,2015,592.0433
BY-HR,2016,622.4
BY-HR,2017,703.2
BY-HR,2018,831.9
BY-HR,2019,931.3
BY-HR,2020,1062.1
BY-HR,2021,1216.7
BY-HR,2022,1412.2
BY-HR,2023,1682.2
BY-HR,2024,2010.0
BY-HR,2025,2359.7
BY-MA,2010,108.9999
BY-MA,2011,171.2756
BY-MA,2012,335.6449
BY-MA,2013,453.5622
BY-MA,2014,531.0695
BY-MA,2015,579.0861
BY-MA,2016,609.3
BY-MA,2017,690.4
BY-MA,2018,802.0
BY-MA,2019,891.6
BY-MA,2020,1010.0
BY-MA,2021,1147.3
BY-MA,2022,1305.9
BY-MA,2023,1564.0
BY-MA,2024,1895.1
BY-MA,2025,2243.5
BY-MI,2010,118.2097
BY-MI,2011,187.8295
BY-MI,2012,365.9952
BY-MI,2013,496.1523
BY-MI,2014,598.7224
BY-MI,2015,666.7886
BY-MI,2016,713.3
BY-MI,2017,812.9
BY-MI,2018,956.8
BY-MI,2019,1079.6
BY-MI,2020,1223.5
BY-MI,2021,1414.3
BY-MI,2022,1596.7
BY-MI,2023,1898.6
BY-MI,2024,2286.8
BY-MI,2025,2721.0
BY-VI,2010,108.9989
BY-VI,2011,170.9059
BY-VI,2012,331.337
BY-VI,2013,450.7326
BY-VI,2014,533.77
BY-VI,2015,580.5342
BY-VI,2016,613.4
BY-VI,2017,687.3
BY-VI,2018,814.4
BY-VI,2019,911.8
BY-VI,2020,1038.3
BY-VI,2021,1181.0
BY-VI,2022,1350.0
BY-VI,2023,1593.8
BY-VI,2024,1899.6
BY-VI,2025,2239.0
c-babrujsk,2010,112.0157
c-babrujsk,2011,180.6809
c-babrujsk,2012,361.0325
c-babrujsk,2013,470.202
c-babrujsk,2014,533.1112
c-babrujsk,2015,575.5011
c-babrujsk,2016,605.1
c-babrujsk,2017,691.0
c-babrujsk,2018,804.5
c-babrujsk,2019,863.5
c-babrujsk,2020,988.2
c-babrujsk,2021,1124.9
c-babrujsk,2022,1286.0
c-babrujsk,2023,1530.0
c-babrujsk,2024,1801.4
c-babrujsk,2025,2149.7
c-baranavichy,2010,111.7846
c-baranavichy,2011,171.299
c-baranavichy,2012,334.1961
c-baranavichy,2013,452.7033
c-baranavichy,2014,529.9508
c-baranavichy,2015,599.7537
c-baranavichy,2016,605.0
c-baranavichy,2017,685.5
c-baranavichy,2018,850.5
c-baranavichy,2019,922.4
c-baranavichy,2020,1027.3
c-baranavichy,2021,1169.8
c-baranavichy,2022,1342.5
c-baranavichy,2023,1591.6
c-baranavichy,2024,1879.0
c-baranavichy,2025,2234.5
c-brest,2010,125.4758
c-brest,2011,183.4345
c-brest,2012,349.4774
c-brest,2013,491.4518
c-brest,2014,602.4618
c-brest,2015,649.607
c-brest,2016,696.0
c-brest,2017,810.8
c-brest,2018,964.2
c-brest,2019,1056.6
c-brest,2020,1225.2
c-brest,2021,1409.6
c-brest,2022,1599.4
c-brest,2023,1912.0
c-brest,2024,2245.3
c-brest,2025,2710.5
c-homiel,2010,124.4216
c-homiel,2011,185.895
c-homiel,2012,363.7134
c-homiel,2013,512.1136
c-homiel,2014,601.3414
c-homiel,2015,647.5465
c-homiel,2016,674.1
c-homiel,2017,773.1
c-homiel,2018,901.7
c-homiel,2019,989.6
c-homiel,2020,1143.6
c-homiel,2021,1318.9
c-homiel,2022,1498.5
c-homiel,2023,1794.5
c-homiel,2024,2069.0
c-homiel,2025,2454.4
c-hrodna,2010,130.4463
c-hrodna,2011,203.277
c-hrodna,2012,376.4413
c-hrodna,2013,519.0111
c-hrodna,2014,625.3776
c-hrodna,2015,685.1751
c-hrodna,2016,721.5
c-hrodna,2017,808.8
c-hrodna,2018,964.9
c-hrodna,2019,1055.6
c-hrodna,2020,1211.5
c-hrodna,2021,1392.8
c-hrodna,2022,1594.6
c-hrodna,2023,1875.1
c-hrodna,2024,2168.8
c-hrodna,2025,2572.3
c-mahilou,2010,118.9865
c-mahilou,2011,184.2221
c-mahilou,2012,355.3784
c-mahilou,2013,487.4067
c-mahilou,2014,589.0671
c-mahilou,2015,640.3813
c-mahilou,2016,671.5
c-mahilou,2017,768.6
c-mahilou,2018,894.2
c-mahilou,2019,985.4
c-mahilou,2020,1126.3
c-mahilou,2021,1275.5
c-mahilou,2022,1449.8
c-mahilou,2023,1743.0
c-mahilou,2024,2070.7
c-mahilou,2025,2454.9
c-navapolack,2010,150.5931
c-navapolack,2011,237.3985
c-navapolack,2012,472.7836
c-navapolack,2013,637.9908
c-navapolack,2014,775.1621
c-navapolack,2015,801.9884
c-navapolack,2016,832.0
c-navapolack,2017,933.4
c-navapolack,2018,1068.0
c-navapolack,2019,1200.1
c-navapolack,2020,1411.6
c-navapolack,2021,1539.1
c-navapolack,2022,1689.0
c-navapolack,2023,2007.7
c-navapolack,2024,2265.5
c-navapolack,2025,2550.1
c-pinsk,2010,107.7079
c-pinsk,2011,164.9548
c-pinsk,2012,308.0462
c-pinsk,2013,433.158
c-pinsk,2014,520.2483
c-pinsk,2015,557.4904
c-pinsk,2016,594.8
c-pinsk,2017,682.7
c-pinsk,2018,794.7
c-pinsk,2019,884.0
c-pinsk,2020,1003.7
c-pinsk,2021,1167.3
c-pinsk,2022,1332.4
c-pinsk,2023,1565.3
c-pinsk,2024,1895.4
c-pinsk,2025,2222.0
c-viciebsk,2010,116.8088
c-viciebsk,2011,177.8173
c-viciebsk,2012,343.5645
c-viciebsk,2013,477.2284
c-viciebsk,2014,572.7909
c-viciebsk,2015,624.6789
c-viciebsk,2016,657.3
c-viciebsk,2017,744.9
c-viciebsk,2018,883.8
c-viciebsk,2019,971.1
c-viciebsk,2020,1113.3
c-viciebsk,2021,1270.0
c-viciebsk,2022,1458.7
c-viciebsk,2023,1726.7
c-viciebsk,2024,2007.1
c-viciebsk,2025,2403.3
c-zhodzina,2010,128.6134
c-zhodzina,2011,216.9792
c-zhodzina,2012,419.658
c-zhodzina,2013,514.1107
c-zhodzina,2014,602.7372
c-zhodzina,2015,634.6874
c-zhodzina,2016,720.6
c-zhodzina,2017,936.9
c-zhodzina,2018,1143.7
c-zhodzina,2019,1165.2
c-zhodzina,2020,1184.6
c-zhodzina,2021,1451.1
c-zhodzina,2022,1750.9
c-zhodzina,2023,2094.8
c-zhodzina,2024,2360.9
c-zhodzina,2025,2719.4
r-akciabrski,2010,91.7349
r-akciabrski,2011,142.7154
r-akciabrski,2012,277.2515
r-akciabrski,2013,381.2432
r-akciabrski,2014,445.1438
r-akciabrski,2015,479.4921
r-akciabrski,2016,503.1
r-akciabrski,2017,571.7
r-akciabrski,2018,674.7
r-akciabrski,2019,759.3
r-akciabrski,2020,869.8
r-akciabrski,2021,963.9
r-akciabrski,2022,1093.4
r-akciabrski,2023,1256.0
r-akciabrski,2024,1520.7
r-akciabrski,2025,1875.4
r-arshanski,2010,100.1164
r-arshanski,2011,159.8935
r-arshanski,2012,319.0488
r-arshanski,2013,432.7572
r-arshanski,2014,514.1017
r-arshanski,2015,557.5426
r-arshanski,2016,581.3
r-arshanski,2017,658.4
r-arshanski,2018,784.5
r-arshanski,2019,874.9
r-arshanski,2020,999.5
r-arshanski,2021,1125.0
r-arshanski,2022,1303.7
r-arshanski,2023,1563.2
r-arshanski,2024,1861.0
r-arshanski,2025,2209.3
r-ashmianski,2010,101.8396
r-ashmianski,2011,155.8155
r-ashmianski,2012,298.1806
r-ashmianski,2013,418.2382
r-ashmianski,2014,504.5573
r-ashmianski,2015,548.6633
r-ashmianski,2016,566.8
r-ashmianski,2017,649.0
r-ashmianski,2018,750.5
r-ashmianski,2019,819.2
r-ashmianski,2020,949.4
r-ashmianski,2021,1078.2
r-ashmianski,2022,1265.1
r-ashmianski,2023,1502.4
r-ashmianski,2024,1746.6
r-ashmianski,2025,2105.9
r-asipovicki,2010,110.1527
r-asipovicki,2011,178.3212
r-asipovicki,2012,355.0512
r-asipovicki,2013,462.0133
r-asipovicki,2014,520.1893
r-asipovicki,2015,585.4585
r-asipovicki,2016,577.2
r-asipovicki,2017,674.9
r-asipovicki,2018,848.0
r-asipovicki,2019,927.2
r-asipovicki,2020,1062.1
r-asipovicki,2021,1201.7
r-asipovicki,2022,1378.6
r-asipovicki,2023,1673.8
r-asipovicki,2024,1993.9
r-asipovicki,2025,2296.2
r-astraviecki,2010,91.394
r-astraviecki,2011,143.2084
r-astraviecki,2012,284.4918
r-astraviecki,2013,420.1448
r-astraviecki,2014,556.5052
r-astraviecki,2015,604.7042
r-astraviecki,2016,653.5
r-astraviecki,2017,771.3
r-astraviecki,2018,934.2
r-astraviecki,2019,1070.1
r-astraviecki,2020,1308.8
r-astraviecki,2021,1565.3
r-astraviecki,2022,1876.6
r-astraviecki,2023,2340.3
r-astraviecki,2024,2709.8
r-astraviecki,2025,3198.4
r-babrujski,2010,84.5456
r-babrujski,2011,135.5639
r-babrujski,2012,274.3528
r-babrujski,2013,376.0219
r-babrujski,2014,441.8814
r-babrujski,2015,476.0573
r-babrujski,2016,487.4
r-babrujski,2017,566.2
r-babrujski,2018,634.0
r-babrujski,2019,718.2
r-babrujski,2020,874.7
r-babrujski,2021,1019.5
r-babrujski,2022,1194.1
r-babrujski,2023,1386.4
r-babrujski,2024,1627.7
r-babrujski,2025,1998.5
r-baranavicki,2010,99.6249
r-baranavicki,2011,152.1302
r-baranavicki,2012,307.5602
r-baranavicki,2013,415.1871
r-baranavicki,2014,512.8984
r-baranavicki,2015,559.3031
r-baranavicki,2016,576.9
r-baranavicki,2017,653.8
r-baranavicki,2018,753.8
r-baranavicki,2019,872.0
r-baranavicki,2020,993.7
r-baranavicki,2021,1140.4
r-baranavicki,2022,1300.5
r-baranavicki,2023,1613.2
r-baranavicki,2024,1912.5
r-baranavicki,2025,2270.2
r-barysauski,2010,102.7509
r-barysauski,2011,170.3313
r-barysauski,2012,334.0425
r-barysauski,2013,437.7378
r-barysauski,2014,510.5436
r-barysauski,2015,605.6918
r-barysauski,2016,605.7
r-barysauski,2017,687.6
r-barysauski,2018,855.3
r-barysauski,2019,948.0
r-barysauski,2020,1080.3
r-barysauski,2021,1236.6
r-barysauski,2022,1401.7
r-barysauski,2023,1685.5
r-barysauski,2024,2037.8
r-barysauski,2025,2409.7
r-bialynicki,2010,102.6023
r-bialynicki,2011,159.3009
r-bialynicki,2012,305.8578
r-bialynicki,2013,426.0153
r-bialynicki,2014,526.1361
r-bialynicki,2015,567.0906
r-bialynicki,2016,605.5
r-bialynicki,2017,706.0
r-bialynicki,2018,740.0
r-bialynicki,2019,821.4
r-bialynicki,2020,973.8
r-bialynicki,2021,1099.4
r-bialynicki,2022,1257.1
r-bialynicki,2023,1498.3
r-bialynicki,2024,1782.9
r-bialynicki,2025,2173.5
r-biarezinski,2010,93.5412
r-biarezinski,2011,147.9892
r-biarezinski,2012,291.1284
r-biarezinski,2013,401.525
r-biarezinski,2014,498.9281
r-biarezinski,2015,538.6748
r-biarezinski,2016,570.1
r-biarezinski,2017,647.7
r-biarezinski,2018,731.3
r-biarezinski,2019,810.7
r-biarezinski,2020,967.7
r-biarezinski,2021,1123.9
r-biarezinski,2022,1292.0
r-biarezinski,2023,1510.6
r-biarezinski,2024,1788.8
r-biarezinski,2025,2127.3
r-biarozauski,2010,111.8213
r-biarozauski,2011,169.6203
r-biarozauski,2012,318.8509
r-biarozauski,2013,450.5713
r-biarozauski,2014,544.6201
r-biarozauski,2015,594.7766
r-biarozauski,2016,611.7
r-biarozauski,2017,705.9
r-biarozauski,2018,856.5
r-biarozauski,2019,937.5
r-biarozauski,2020,1077.8
r-biarozauski,2021,1215.1
r-biarozauski,2022,1429.2
r-biarozauski,2023,1697.7
r-biarozauski,2024,2033.8
r-biarozauski,2025,2427.0
r-bierastavicki,2010,98.7797
r-bierastavicki,2011,157.7875
r-bierastavicki,2012,319.2315
r-bierastavicki,2013,436.6726
r-bierastavicki,2014,537.8101
r-bierastavicki,2015,561.9672
r-bierastavicki,2016,598.1
r-bierastavicki,2017,682.8
r-bierastavicki,2018,784.7
r-bierastavicki,2019,873.2
r-bierastavicki,2020,1016.2
r-bierastavicki,2021,1171.2
r-bierastavicki,2022,1399.5
r-bierastavicki,2023,1695.2
r-bierastavicki,2024,1990.7
r-bierastavicki,2025,2376.9
r-bieshankovicki,2010,89.9191
r-bieshankovicki,2011,146.3074
r-bieshankovicki,2012,284.4087
r-bieshankovicki,2013,396.5374
r-bieshankovicki,2014,452.0969
r-bieshankovicki,2015,473.4836
r-bieshankovicki,2016,500.1
r-bieshankovicki,2017,565.8
r-bieshankovicki,2018,687.8
r-bieshankovicki,2019,750.3
r-bieshankovicki,2020,866.4
r-bieshankovicki,2021,994.1
r-bieshankovicki,2022,1155.4
r-bieshankovicki,2023,1344.4
r-bieshankovicki,2024,1635.8
r-bieshankovicki,2025,1979.1
r-brahinski,2010,87.3517
r-brahinski,2011,135.208
r-brahinski,2012,278.9351
r-brahinski,2013,378.2136
r-brahinski,2014,448.3333
r-brahinski,2015,493.1018
r-brahinski,2016,511.4
r-brahinski,2017,607.3
r-brahinski,2018,727.2
r-brahinski,2019,803.4
r-brahinski,2020,902.4
r-brahinski,2021,1008.3
r-brahinski,2022,1152.4
r-brahinski,2023,1366.1
r-brahinski,2024,1602.8
r-brahinski,2025,1896.1
r-braslauski,2010,87.6541
r-braslauski,2011,138.8072
r-braslauski,2012,256.4658
r-braslauski,2013,336.3282
r-braslauski,2014,400.9212
r-braslauski,2015,448.7209
r-braslauski,2016,495.8
r-braslauski,2017,561.2
r-braslauski,2018,648.4
r-braslauski,2019,749.9
r-braslauski,2020,859.9
r-braslauski,2021,992.0
r-braslauski,2022,1130.9
r-braslauski,2023,1345.0
r-braslauski,2024,1584.0
r-braslauski,2025,1898.7
r-brescki,2010,99.066
r-brescki,2011,156.1193
r-brescki,2012,312.2862
r-brescki,2013,426.7528
r-brescki,2014,534.0205
r-brescki,2015,570.4183
r-brescki,2016,609.3
r-brescki,2017,707.7
r-brescki,2018,801.2
r-brescki,2019,882.7
r-brescki,2020,1042.9
r-brescki,2021,1174.3
r-brescki,2022,1409.3
r-brescki,2023,1740.1
r-brescki,2024,2041.4
r-brescki,2025,2502.0
r-buda-kashalouski,2010,89.2883
r-buda-kashalouski,2011,144.9261
r-buda-kashalouski,2012,293.5642
r-buda-kashalouski,2013,392.3258
r-buda-kashalouski,2014,481.0147
r-buda-kashalouski,2015,528.6778
r-buda-kashalouski,2016,537.6
r-buda-kashalouski,2017,622.6
r-buda-kashalouski,2018,723.2
r-buda-kashalouski,2019,781.0
r-buda-kashalouski,2020,903.9
r-buda-kashalouski,2021,986.5
r-buda-kashalouski,2022,1163.5
r-buda-kashalouski,2023,1441.2
r-buda-kashalouski,2024,1745.4
r-buda-kashalouski,2025,2066.7
r-bychauski,2010,92.2186
r-bychauski,2011,144.4548
r-bychauski,2012,286.4533
r-bychauski,2013,402.2226
r-bychauski,2014,480.1815
r-bychauski,2015,513.2332
r-bychauski,2016,536.7
r-bychauski,2017,594.8
r-bychauski,2018,675.2
r-bychauski,2019,765.6
r-bychauski,2020,881.4
r-bychauski,2021,1010.1
r-bychauski,2022,1135.6
r-bychauski,2023,1353.3
r-bychauski,2024,1668.3
r-bychauski,2025,2066.0
r-chacherski,2010,93.5815
r-chacherski,2011,143.1614
r-chacherski,2012,287.0597
r-chacherski,2013,386.1674
r-chacherski,2014,472.2393
r-chacherski,2015,521.729
r-chacherski,2016,524.3
r-chacherski,2017,611.9
r-chacherski,2018,725.3
r-chacherski,2019,797.2
r-chacherski,2020,924.1
r-chacherski,2021,1051.2
r-chacherski,2022,1213.9
r-chacherski,2023,1396.8
r-chacherski,2024,1680.7
r-chacherski,2025,2039.0
r-chashnicki,2010,108.6187
r-chashnicki,2011,167.7289
r-chashnicki,2012,316.0411
r-chashnicki,2013,427.7756
r-chashnicki,2014,516.1028
r-chashnicki,2015,553.158
r-chashnicki,2016,591.8
r-chashnicki,2017,686.0
r-chashnicki,2018,825.4
r-chashnicki,2019,908.6
r-chashnicki,2020,1037.7
r-chashnicki,2021,1190.5
r-chashnicki,2022,1392.6
r-chashnicki,2023,1579.8
r-chashnicki,2024,1904.5
r-chashnicki,2025,2288.2
r-chavuski,2010,89.0795
r-chavuski,2011,142.5532
r-chavuski,2012,269.6479
r-chavuski,2013,371.5772
r-chavuski,2014,446.6377
r-chavuski,2015,494.4202
r-chavuski,2016,523.9
r-chavuski,2017,606.2
r-chavuski,2018,685.3
r-chavuski,2019,749.0
r-chavuski,2020,854.2
r-chavuski,2021,965.9
r-chavuski,2022,1101.4
r-chavuski,2023,1312.5
r-chavuski,2024,1576.8
r-chavuski,2025,1924.3
r-chervienski,2010,96.6786
r-chervienski,2011,150.6052
r-chervienski,2012,293.8811
r-chervienski,2013,406.6187
r-chervienski,2014,502.8922
r-chervienski,2015,552.0889
r-chervienski,2016,573.2
r-chervienski,2017,660.2
r-chervienski,2018,769.0
r-chervienski,2019,859.5
r-chervienski,2020,1018.1
r-chervienski,2021,1154.7
r-chervienski,2022,1307.7
r-chervienski,2023,1543.0
r-chervienski,2024,1869.4
r-chervienski,2025,2283.0
r-cherykauski,2010,91.1387
r-cherykauski,2011,149.3407
r-cherykauski,2012,280.8013
r-cherykauski,2013,380.5696
r-cherykauski,2014,464.2155
r-cherykauski,2015,516.2526
r-cherykauski,2016,515.8
r-cherykauski,2017,592.8
r-cherykauski,2018,695.1
r-cherykauski,2019,771.7
r-cherykauski,2020,886.7
r-cherykauski,2021,1001.3
r-cherykauski,2022,1105.2
r-cherykauski,2023,1295.3
r-cherykauski,2024,1582.8
r-cherykauski,2025,1924.4
r-chocimski,2010,83.5553
r-chocimski,2011,138.1197
r-chocimski,2012,262.8458
r-chocimski,2013,365.6157
r-chocimski,2014,437.4602
r-chocimski,2015,472.4608
r-chocimski,2016,505.7
r-chocimski,2017,576.8
r-chocimski,2018,654.2
r-chocimski,2019,718.6
r-chocimski,2020,826.4
r-chocimski,2021,938.6
r-chocimski,2022,1045.1
r-chocimski,2023,1285.3
r-chocimski,2024,1531.1
r-chocimski,2025,1895.3
r-chojnicki,2010,87.1668
r-chojnicki,2011,132.5897
r-chojnicki,2012,271.4362
r-chojnicki,2013,378.0865
r-chojnicki,2014,431.4721
r-chojnicki,2015,484.2713
r-chojnicki,2016,500.8
r-chojnicki,2017,569.5
r-chojnicki,2018,697.4
r-chojnicki,2019,790.4
r-chojnicki,2020,889.9
r-chojnicki,2021,1021.1
r-chojnicki,2022,1145.8
r-chojnicki,2023,1342.1
r-chojnicki,2024,1595.2
r-chojnicki,2025,1927.9
r-dobrushski,2010,87.6626
r-dobrushski,2011,142.5719
r-dobrushski,2012,289.6825
r-dobrushski,2013,383.8762
r-dobrushski,2014,457.3173
r-dobrushski,2015,515.7539
r-dobrushski,2016,506.2
r-dobrushski,2017,578.9
r-dobrushski,2018,705.5
r-dobrushski,2019,759.4
r-dobrushski,2020,845.9
r-dobrushski,2021,977.2
r-dobrushski,2022,1171.1
r-dobrushski,2023,1423.0
r-dobrushski,2024,1684.9
r-dobrushski,2025,2008.5
r-dokshycki,2010,98.3835
r-dokshycki,2011,149.0469
r-dokshycki,2012,294.7995
r-dokshycki,2013,387.5202
r-dokshycki,2014,463.9492
r-dokshycki,2015,494.2534
r-dokshycki,2016,525.2
r-dokshycki,2017,608.2
r-dokshycki,2018,701.9
r-dokshycki,2019,788.0
r-dokshycki,2020,933.9
r-dokshycki,2021,1066.4
r-dokshycki,2022,1203.5
r-dokshycki,2023,1409.4
r-dokshycki,2024,1691.8
r-dokshycki,2025,2060.7
r-drahichynski,2010,89.9178
r-drahichynski,2011,138.1834
r-drahichynski,2012,275.991
r-drahichynski,2013,378.7143
r-drahichynski,2014,459.43
r-drahichynski,2015,484.7349
r-drahichynski,2016,527.9
r-drahichynski,2017,582.4
r-drahichynski,2018,687.2
r-drahichynski,2019,800.2
r-drahichynski,2020,912.1
r-drahichynski,2021,1053.9
r-drahichynski,2022,1236.3
r-drahichynski,2023,1485.7
r-drahichynski,2024,1754.2
r-drahichynski,2025,2132.1
r-drybinski,2010,90.0644
r-drybinski,2011,141.7313
r-drybinski,2012,276.4729
r-drybinski,2013,390.4579
r-drybinski,2014,475.9344
r-drybinski,2015,521.4256
r-drybinski,2016,541.5
r-drybinski,2017,586.7
r-drybinski,2018,659.9
r-drybinski,2019,733.0
r-drybinski,2020,858.7
r-drybinski,2021,988.3
r-drybinski,2022,1114.9
r-drybinski,2023,1322.0
r-drybinski,2024,1537.0
r-drybinski,2025,1891.5
r-dubrovienski,2010,89.1724
r-dubrovienski,2011,146.4322
r-dubrovienski,2012,281.8781
r-dubrovienski,2013,384.3708
r-dubrovienski,2014,479.4286
r-dubrovienski,2015,538.1152
r-dubrovienski,2016,577.7
r-dubrovienski,2017,636.8
r-dubrovienski,2018,707.3
r-dubrovienski,2019,793.6
r-dubrovienski,2020,902.6
r-dubrovienski,2021,995.2
r-dubrovienski,2022,1173.4
r-dubrovienski,2023,1395.6
r-dubrovienski,2024,1696.2
r-dubrovienski,2025,2122.0
r-dziarzhynski,2010,122.9713
r-dziarzhynski,2011,191.2663
r-dziarzhynski,2012,379.4967
r-dziarzhynski,2013,528.2587
r-dziarzhynski,2014,659.1059
r-dziarzhynski,2015,743.646
r-dziarzhynski,2016,755.8
r-dziarzhynski,2017,860.9
r-dziarzhynski,2018,1004.1
r-dziarzhynski,2019,1124.4
r-dziarzhynski,2020,1305.9
r-dziarzhynski,2021,1502.2
r-dziarzhynski,2022,1718.1
r-dziarzhynski,2023,2022.8
r-dziarzhynski,2024,2419.5
r-dziarzhynski,2025,2941.2
r-dziatlauski,2010,93.5258
r-dziatlauski,2011,142.9659
r-dziatlauski,2012,277.2364
r-dziatlauski,2013,385.258
r-dziatlauski,2014,460.5922
r-dziatlauski,2015,500.034
r-dziatlauski,2016,522.5
r-dziatlauski,2017,594.0
r-dziatlauski,2018,704.7
r-dziatlauski,2019,805.4
r-dziatlauski,2020,918.0
r-dziatlauski,2021,1071.9
r-dziatlauski,2022,1279.7
r-dziatlauski,2023,1518.9
r-dziatlauski,2024,1824.3
r-dziatlauski,2025,2152.6
r-hancavicki,2010,88.099
r-hancavicki,2011,137.179
r-hancavicki,2012,266.8188
r-hancavicki,2013,371.6313
r-hancavicki,2014,443.9376
r-hancavicki,2015,495.0521
r-hancavicki,2016,517.7
r-hancavicki,2017,584.3
r-hancavicki,2018,684.5
r-hancavicki,2019,770.9
r-hancavicki,2020,894.0
r-hancavicki,2021,1023.8
r-hancavicki,2022,1165.8
r-hancavicki,2023,1354.2
r-hancavicki,2024,1611.9
r-hancavicki,2025,1971.8
r-haradocki,2010,88.4415
r-haradocki,2011,145.6159
r-haradocki,2012,275.0875
r-haradocki,2013,358.3216
r-haradocki,2014,425.236
r-haradocki,2015,474.8087
r-haradocki,2016,489.7
r-haradocki,2017,555.0
r-haradocki,2018,690.7
r-haradocki,2019,769.8
r-haradocki,2020,861.5
r-haradocki,2021,993.4
r-haradocki,2022,1130.2
r-haradocki,2023,1337.3
r-haradocki,2024,1615.0
r-haradocki,2025,1930.8
r-hluski,2010,92.1802
r-hluski,2011,141.3891
r-hluski,2012,269.7804
r-hluski,2013,378.1453
r-hluski,2014,453.5892
r-hluski,2015,483.7014
r-hluski,2016,502.3
r-hluski,2017,574.2
r-hluski,2018,656.8
r-hluski,2019,741.1
r-hluski,2020,867.2
r-hluski,2021,972.4
r-hluski,2022,1168.4
r-hluski,2023,1380.7
r-hluski,2024,1630.9
r-hluski,2025,1952.4
r-hlybocki,2010,101.7393
r-hlybocki,2011,163.3998
r-hlybocki,2012,304.4427
r-hlybocki,2013,398.9765
r-hlybocki,2014,485.2765
r-hlybocki,2015,532.0586
r-hlybocki,2016,527.7
r-hlybocki,2017,610.7
r-hlybocki,2018,718.1
r-hlybocki,2019,784.8
r-hlybocki,2020,933.9
r-hlybocki,2021,1063.1
r-hlybocki,2022,1218.7
r-hlybocki,2023,1419.4
r-hlybocki,2024,1711.4
r-hlybocki,2025,2101.1
r-homielski,2010,102.0289
r-homielski,2011,159.1882
r-homielski,2012,340.9933
r-homielski,2013,456.7847
r-homielski,2014,550.1662
r-homielski,2015,584.7043
r-homielski,2016,598.0
r-homielski,2017,687.7
r-homielski,2018,793.8
r-homielski,2019,857.0
r-homielski,2020,956.2
r-homielski,2021,1071.3
r-homielski,2022,1263.4
r-homielski,2023,1504.4
r-homielski,2024,1764.5
r-homielski,2025,2116.6
r-horacki,2010,101.3143
r-horacki,2011,157.3126
r-horacki,2012,320.5594
r-horacki,2013,406.4766
r-horacki,2014,476.8219
r-horacki,2015,542.1236
r-horacki,2016,547.6
r-horacki,2017,634.1
r-horacki,2018,764.1
r-horacki,2019,830.5
r-horacki,2020,953.5
r-horacki,2021,1059.0
r-horacki,2022,1216.8
r-horacki,2023,1452.4
r-horacki,2024,1741.1
r-horacki,2025,2102.5
r-hrodzienski,2010,106.6425
r-hrodzienski,2011,166.0114
r-hrodzienski,2012,330.9985
r-hrodzienski,2013,471.2656
r-hrodzienski,2014,592.3021
r-hrodzienski,2015,619.7547
r-hrodzienski,2016,656.8
r-hrodzienski,2017,772.1
r-hrodzienski,2018,846.5
r-hrodzienski,2019,942.7
r-hrodzienski,2020,1094.7
r-hrodzienski,2021,1249.6
r-hrodzienski,2022,1494.2
r-hrodzienski,2023,1800.8
r-hrodzienski,2024,2106.8
r-hrodzienski,2025,2501.5
r-iujeuski,2010,81.9296
r-iujeuski,2011,131.7433
r-iujeuski,2012,265.9688
r-iujeuski,2013,364.8347
r-iujeuski,2014,430.265
r-iujeuski,2015,461.523
r-iujeuski,2016,487.7
r-iujeuski,2017,563.2
r-iujeuski,2018,664.6
r-iujeuski,2019,742.7
r-iujeuski,2020,878.0
r-iujeuski,2021,1002.5
r-iujeuski,2022,1150.5
r-iujeuski,2023,1347.6
r-iujeuski,2024,1567.9
r-iujeuski,2025,1940.9
r-ivacevicki,2010,98.4696
r-ivacevicki,2011,151.6744
r-ivacevicki,2012,301.323
r-ivacevicki,2013,409.2316
r-ivacevicki,2014,491.1953
r-ivacevicki,2015,552.7688
r-ivacevicki,2016,549.1
r-ivacevicki,2017,616.9
r-ivacevicki,2018,783.1
r-ivacevicki,2019,859.1
r-ivacevicki,2020,983.9
r-ivacevicki,2021,1134.5
r-ivacevicki,2022,1310.4
r-ivacevicki,2023,1517.8
r-ivacevicki,2024,1776.4
r-ivacevicki,2025,2114.6
r-ivanauski,2010,93.3736
r-ivanauski,2011,149.4219
r-ivanauski,2012,295.3804
r-ivanauski,2013,401.701
r-ivanauski,2014,493.9755
r-ivanauski,2015,519.6431
r-ivanauski,2016,558.8
r-ivanauski,2017,633.1
r-ivanauski,2018,726.9
r-ivanauski,2019,829.2
r-ivanauski,2020,980.0
r-ivanauski,2021,1122.5
r-ivanauski,2022,1300.9
r-ivanauski,2023,1551.6
r-ivanauski,2024,1823.1
r-ivanauski,2025,2260.0
r-jelski,2010,85.2614
r-jelski,2011,137.5045
r-jelski,2012,280.2359
r-jelski,2013,377.8797
r-jelski,2014,459.4837
r-jelski,2015,500.1718
r-jelski,2016,498.8
r-jelski,2017,570.0
r-jelski,2018,685.9
r-jelski,2019,775.7
r-jelski,2020,891.6
r-jelski,2021,1010.2
r-jelski,2022,1133.5
r-jelski,2023,1310.1
r-jelski,2024,1620.0
r-jelski,2025,2005.2
r-kalinkavicki,2010,100.8073
r-kalinkavicki,2011,158.055
r-kalinkavicki,2012,321.4824
r-kalinkavicki,2013,444.3361
r-kalinkavicki,2014,528.1013
r-kalinkavicki,2015,568.1062
r-kalinkavicki,2016,582.4
r-kalinkavicki,2017,657.0
r-kalinkavicki,2018,746.3
r-kalinkavicki,2019,841.7
r-kalinkavicki,2020,968.4
r-kalinkavicki,2021,1123.9
r-kalinkavicki,2022,1259.5
r-kalinkavicki,2023,1468.6
r-kalinkavicki,2024,1785.7
r-kalinkavicki,2025,2147.4
r-kamianiecki,2010,98.7704
r-kamianiecki,2011,150.5158
r-kamianiecki,2012,312.0101
r-kamianiecki,2013,423.5082
r-kamianiecki,2014,528.6995
r-kamianiecki,2015,567.5846
r-kamianiecki,2016,613.0
r-kamianiecki,2017,702.4
r-kamianiecki,2018,811.5
r-kamianiecki,2019,924.7
r-kamianiecki,2020,1058.6
r-kamianiecki,2021,1192.4
r-kamianiecki,2022,1394.8
r-kamianiecki,2023,1667.9
r-kamianiecki,2024,1970.3
r-kamianiecki,2025,2399.3
r-kapylski,2010,88.396
r-kapylski,2011,138.3305
r-kapylski,2012,283.3224
r-kapylski,2013,400.5775
r-kapylski,2014,479.3289
r-kapylski,2015,516.6046
r-kapylski,2016,550.3
r-kapylski,2017,624.1
r-kapylski,2018,713.5
r-kapylski,2019,814.4
r-kapylski,2020,982.5
r-kapylski,2021,1140.6
r-kapylski,2022,1339.4
r-kapylski,2023,1600.7
r-kapylski,2024,1922.9
r-kapylski,2025,2308.1
r-karelicki,2010,88.7398
r-karelicki,2011,138.2394
r-karelicki,2012,266.4982
r-karelicki,2013,385.8423
r-karelicki,2014,455.6818
r-karelicki,2015,509.6715
r-karelicki,2016,523.1
r-karelicki,2017,601.1
r-karelicki,2018,696.2
r-karelicki,2019,786.4
r-karelicki,2020,909.4
r-karelicki,2021,1017.7
r-karelicki,2022,1213.8
r-karelicki,2023,1487.9
r-karelicki,2024,1769.8
r-karelicki,2025,2097.6
r-karmianski,2010,79.9489
r-karmianski,2011,127.0105
r-karmianski,2012,260.1452
r-karmianski,2013,361.3043
r-karmianski,2014,429.1854
r-karmianski,2015,489.8848
r-karmianski,2016,475.9
r-karmianski,2017,542.2
r-karmianski,2018,658.6
r-karmianski,2019,710.2
r-karmianski,2020,793.1
r-karmianski,2021,890.1
r-karmianski,2022,1021.5
r-karmianski,2023,1229.8
r-karmianski,2024,1534.1
r-karmianski,2025,1842.6
r-kasciukovicki,2010,106.832
r-kasciukovicki,2011,167.9566
r-kasciukovicki,2012,355.2799
r-kasciukovicki,2013,486.2248
r-kasciukovicki,2014,541.1942
r-kasciukovicki,2015,573.6272
r-kasciukovicki,2016,614.5
r-kasciukovicki,2017,694.7
r-kasciukovicki,2018,771.7
r-kasciukovicki,2019,869.7
r-kasciukovicki,2020,976.5
r-kasciukovicki,2021,1125.1
r-kasciukovicki,2022,1256.6
r-kasciukovicki,2023,1514.5
r-kasciukovicki,2024,1820.7
r-kasciukovicki,2025,2187.2
r-kirauski,2010,89.426
r-kirauski,2011,142.2243
r-kirauski,2012,279.222
r-kirauski,2013,393.9574
r-kirauski,2014,474.9986
r-kirauski,2015,502.8042
r-kirauski,2016,516.2
r-kirauski,2017,608.2
r-kirauski,2018,672.7
r-kirauski,2019,771.4
r-kirauski,2020,910.1
r-kirauski,2021,1011.0
r-kirauski,2022,1157.3
r-kirauski,2023,1393.3
r-kirauski,2024,1652.5
r-kirauski,2025,2018.8
r-klecki,2010,90.1649
r-klecki,2011,141.5544
r-klecki,2012,288.7028
r-klecki,2013,417.5413
r-klecki,2014,490.5791
r-klecki,2015,520.8676
r-klecki,2016,556.5
r-klecki,2017,650.7
r-klecki,2018,755.4
r-klecki,2019,848.4
r-klecki,2020,994.7
r-klecki,2021,1136.0
r-klecki,2022,1300.6
r-klecki,2023,1530.6
r-klecki,2024,1870.2
r-klecki,2025,2198.7
r-klichauski,2010,90.7164
r-klichauski,2011,142.793
r-klichauski,2012,277.0243
r-klichauski,2013,389.3668
r-klichauski,2014,481.6459
r-klichauski,2015,517.9916
r-klichauski,2016,539.4
r-klichauski,2017,616.2
r-klichauski,2018,691.6
r-klichauski,2019,767.9
r-klichauski,2020,867.8
r-klichauski,2021,993.3
r-klichauski,2022,1145.3
r-klichauski,2023,1344.8
r-klichauski,2024,1647.9
r-klichauski,2025,2060.0
r-klimavicki,2010,98.5653
r-klimavicki,2011,151.3328
r-klimavicki,2012,294.4117
r-klimavicki,2013,396.7176
r-klimavicki,2014,461.8139
r-klimavicki,2015,512.1958
r-klimavicki,2016,548.2
r-klimavicki,2017,623.9
r-klimavicki,2018,693.6
r-klimavicki,2019,765.5
r-klimavicki,2020,857.3
r-klimavicki,2021,994.7
r-klimavicki,2022,1122.3
r-klimavicki,2023,1313.1
r-klimavicki,2024,1594.1
r-klimavicki,2025,1953.3
r-kobrynski,2010,98.7101
r-kobrynski,2011,151.3017
r-kobrynski,2012,294.8528
r-kobrynski,2013,423.0675
r-kobrynski,2014,512.3709
r-kobrynski,2015,547.0231
r-kobrynski,2016,596.0
r-kobrynski,2017,682.1
r-kobrynski,2018,777.8
r-kobrynski,2019,873.2
r-kobrynski,2020,1021.9
r-kobrynski,2021,1159.9
r-kobrynski,2022,1350.8
r-kobrynski,2023,1612.7
r-kobrynski,2024,1884.9
r-kobrynski,2025,2285.7
r-krasnapolski,2010,88.1169
r-krasnapolski,2011,136.6836
r-krasnapolski,2012,261.0729
r-krasnapolski,2013,352.2939
r-krasnapolski,2014,438.3721
r-krasnapolski,2015,489.2868
r-krasnapolski,2016,515.6
r-krasnapolski,2017,584.0
r-krasnapolski,2018,691.6
r-krasnapolski,2019,755.3
r-krasnapolski,2020,858.1
r-krasnapolski,2021,955.8
r-krasnapolski,2022,1096.0
r-krasnapolski,2023,1309.0
r-krasnapolski,2024,1543.6
r-krasnapolski,2025,1844.8
r-kruhlanski,2010,116.8077
r-kruhlanski,2011,170.9094
r-kruhlanski,2012,317.3044
r-kruhlanski,2013,421.9107
r-kruhlanski,2014,505.1838
r-kruhlanski,2015,547.3238
r-kruhlanski,2016,568.4
r-kruhlanski,2017,652.7
r-kruhlanski,2018,704.0
r-kruhlanski,2019,720.9
r-kruhlanski,2020,834.0
r-kruhlanski,2021,943.0
r-kruhlanski,2022,1089.5
r-kruhlanski,2023,1313.0
r-kruhlanski,2024,1619.7
r-kruhlanski,2025,1940.3
r-krupski,2010,97.2264
r-krupski,2011,153.5486
r-krupski,2012,304.1756
r-krupski,2013,398.2237
r-krupski,2014,475.7014
r-krupski,2015,548.2646
r-krupski,2016,535.2
r-krupski,2017,631.3
r-krupski,2018,773.3
r-krupski,2019,851.2
r-krupski,2020,1014.3
r-krupski,2021,1158.8
r-krupski,2022,1359.6
r-krupski,2023,1601.8
r-krupski,2024,1892.7
r-krupski,2025,2240.4
r-krychauski,2010,106.0881
r-krychauski,2011,163.821
r-krychauski,2012,336.8106
r-krychauski,2013,445.7631
r-krychauski,2014,505.5399
r-krychauski,2015,550.867
r-krychauski,2016,577.1
r-krychauski,2017,635.0
r-krychauski,2018,750.4
r-krychauski,2019,832.9
r-krychauski,2020,934.3
r-krychauski,2021,1063.1
r-krychauski,2022,1224.7
r-krychauski,2023,1501.9
r-krychauski,2024,1793.1
r-krychauski,2025,2123.2
r-lachavicki,2010,94.4503
r-lachavicki,2011,148.1666
r-lachavicki,2012,285.892
r-lachavicki,2013,397.6354
r-lachavicki,2014,498.3169
r-lachavicki,2015,531.3619
r-lachavicki,2016,583.7
r-lachavicki,2017,659.6
r-lachavicki,2018,733.7
r-lachavicki,2019,838.3
r-lachavicki,2020,975.3
r-lachavicki,2021,1091.5
r-lachavicki,2022,1250.1
r-lachavicki,2023,1473.7
r-lachavicki,2024,1776.0
r-lachavicki,2025,2128.7
r-lahojski,2010,103.4274
r-lahojski,2011,167.2054
r-lahojski,2012,321.364
r-lahojski,2013,447.8791
r-lahojski,2014,561.7037
r-lahojski,2015,625.9667
r-lahojski,2016,676.4
r-lahojski,2017,794.6
r-lahojski,2018,890.8
r-lahojski,2019,975.4
r-lahojski,2020,1146.3
r-lahojski,2021,1310.6
r-lahojski,2022,1496.8
r-lahojski,2023,1800.0
r-lahojski,2024,2190.6
r-lahojski,2025,2579.7
r-lelchycki,2010,90.0681
r-lelchycki,2011,140.7467
r-lelchycki,2012,288.289
r-lelchycki,2013,396.0257
r-lelchycki,2014,480.4708
r-lelchycki,2015,514.5428
r-lelchycki,2016,498.6
r-lelchycki,2017,574.4
r-lelchycki,2018,685.5
r-lelchycki,2019,770.5
r-lelchycki,2020,874.7
r-lelchycki,2021,983.7
r-lelchycki,2022,1103.6
r-lelchycki,2023,1289.4
r-lelchycki,2024,1568.1
r-lelchycki,2025,1905.6
r-lepielski,2010,99.0348
r-lepielski,2011,159.3729
r-lepielski,2012,301.0972
r-lepielski,2013,378.4061
r-lepielski,2014,438.178
r-lepielski,2015,547.8643
r-lepielski,2016,481.8
r-lepielski,2017,544.2
r-lepielski,2018,762.0
r-lepielski,2019,843.4
r-lepielski,2020,958.0
r-lepielski,2021,1105.3
r-lepielski,2022,1249.1
r-lepielski,2023,1517.3
r-lepielski,2024,1814.6
r-lepielski,2025,2151.4
r-lidski,2010,107.0964
r-lidski,2011,159.329
r-lidski,2012,308.8351
r-lidski,2013,438.816
r-lidski,2014,517.1943
r-lidski,2015,553.2617
r-lidski,2016,575.1
r-lidski,2017,660.2
r-lidski,2018,777.8
r-lidski,2019,861.8
r-lidski,2020,992.5
r-lidski,2021,1122.6
r-lidski,2022,1307.8
r-lidski,2023,1591.6
r-lidski,2024,1900.1
r-lidski,2025,2267.4
r-lojeuski,2010,82.9582
r-lojeuski,2011,128.1282
r-lojeuski,2012,259.2357
r-lojeuski,2013,357.873
r-lojeuski,2014,419.8802
r-lojeuski,2015,459.5001
r-lojeuski,2016,468.2
r-lojeuski,2017,545.1
r-lojeuski,2018,663.9
r-lojeuski,2019,769.7
r-lojeuski,2020,893.2
r-lojeuski,2021,1015.0
r-lojeuski,2022,1142.3
r-lojeuski,2023,1335.5
r-lojeuski,2024,1608.1
r-lojeuski,2025,1948.2
r-loznienski,2010,96.2783
r-loznienski,2011,148.7202
r-loznienski,2012,278.6513
r-loznienski,2013,366.6924
r-loznienski,2014,439.404
r-loznienski,2015,480.5664
r-loznienski,2016,490.7
r-loznienski,2017,557.8
r-loznienski,2018,647.5
r-loznienski,2019,738.9
r-loznienski,2020,871.7
r-loznienski,2021,985.5
r-loznienski,2022,1131.6
r-loznienski,2023,1320.6
r-loznienski,2024,1634.4
r-loznienski,2025,1987.8
r-lubanski,2010,91.0147
r-lubanski,2011,141.5607
r-lubanski,2012,291.4405
r-lubanski,2013,389.6776
r-lubanski,2014,462.9881
r-lubanski,2015,517.9339
r-lubanski,2016,559.1
r-lubanski,2017,656.6
r-lubanski,2018,712.3
r-lubanski,2019,821.4
r-lubanski,2020,998.5
r-lubanski,2021,1174.4
r-lubanski,2022,1357.5
r-lubanski,2023,1530.0
r-lubanski,2024,1835.3
r-lubanski,2025,2459.0
r-luniniecki,2010,107.374
r-luniniecki,2011,166.2093
r-luniniecki,2012,320.696
r-luniniecki,2013,455.1756
r-luniniecki,2014,527.8104
r-luniniecki,2015,542.9417
r-luniniecki,2016,600.3
r-luniniecki,2017,683.7
r-luniniecki,2018,795.5
r-luniniecki,2019,881.0
r-luniniecki,2020,984.9
r-luniniecki,2021,1107.2
r-luniniecki,2022,1305.5
r-luniniecki,2023,1601.2
r-luniniecki,2024,1885.2
r-luniniecki,2025,2211.2
r-mahilouski,2010,102.3425
r-mahilouski,2011,160.5153
r-mahilouski,2012,314.7334
r-mahilouski,2013,455.7277
r-mahilouski,2014,565.906
r-mahilouski,2015,588.2753
r-mahilouski,2016,619.8
r-mahilouski,2017,714.6
r-mahilouski,2018,827.5
r-mahilouski,2019,932.0
r-mahilouski,2020,1077.9
r-mahilouski,2021,1250.9
r-mahilouski,2022,1394.0
r-mahilouski,2023,1702.8
r-mahilouski,2024,2090.5
r-mahilouski,2025,2533.8
r-maladziechanski,2010,107.7102
r-maladziechanski,2011,170.1964
r-maladziechanski,2012,327.4961
r-maladziechanski,2013,456.0927
r-maladziechanski,2014,555.8007
r-maladziechanski,2015,583.9571
r-maladziechanski,2016,618.3
r-maladziechanski,2017,695.5
r-maladziechanski,2018,805.4
r-maladziechanski,2019,897.4
r-maladziechanski,2020,1037.0
r-maladziechanski,2021,1187.3
r-maladziechanski,2022,1360.3
r-maladziechanski,2023,1615.4
r-maladziechanski,2024,1925.4
r-maladziechanski,2025,2303.8
r-malarycki,2010,93.9874
r-malarycki,2011,140.3663
r-malarycki,2012,267.9469
r-malarycki,2013,373.4437
r-malarycki,2014,463.428
r-malarycki,2015,497.8521
r-malarycki,2016,532.1
r-malarycki,2017,602.7
r-malarycki,2018,707.2
r-malarycki,2019,789.7
r-malarycki,2020,917.0
r-malarycki,2021,1028.2
r-malarycki,2022,1185.2
r-malarycki,2023,1417.5
r-malarycki,2024,1704.0
r-malarycki,2025,2137.5
r-mastouski,2010,93.042
r-mastouski,2011,146.9664
r-mastouski,2012,288.021
r-mastouski,2013,392.7475
r-mastouski,2014,467.6005
r-mastouski,2015,483.9459
r-mastouski,2016,519.4
r-mastouski,2017,606.8
r-mastouski,2018,720.4
r-mastouski,2019,808.9
r-mastouski,2020,931.0
r-mastouski,2021,1092.0
r-mastouski,2022,1255.2
r-mastouski,2023,1464.8
r-mastouski,2024,1725.0
r-mastouski,2025,2034.8
r-mazyrski,2010,124.0068
r-mazyrski,2011,194.0536
r-mazyrski,2012,377.1317
r-mazyrski,2013,532.603
r-mazyrski,2014,637.685
r-mazyrski,2015,673.8191
r-mazyrski,2016,698.1
r-mazyrski,2017,796.1
r-mazyrski,2018,946.6
r-mazyrski,2019,1080.3
r-mazyrski,2020,1234.5
r-mazyrski,2021,1378.1
r-mazyrski,2022,1574.4
r-mazyrski,2023,1853.1
r-mazyrski,2024,2144.0
r-mazyrski,2025,2568.2
r-miadzielski,2010,96.6584
r-miadzielski,2011,144.9589
r-miadzielski,2012,289.1632
r-miadzielski,2013,396.1698
r-miadzielski,2014,496.8096
r-miadzielski,2015,548.4572
r-miadzielski,2016,579.0
r-miadzielski,2017,635.7
r-miadzielski,2018,744.3
r-miadzielski,2019,832.4
r-miadzielski,2020,925.6
r-miadzielski,2021,1098.8
r-miadzielski,2022,1295.9
r-miadzielski,2023,1545.2
r-miadzielski,2024,1836.5
r-miadzielski,2025,2215.0
r-mijorski,2010,88.0096
r-mijorski,2011,141.8986
r-mijorski,2012,275.8538
r-mijorski,2013,362.1174
r-mijorski,2014,422.6161
r-mijorski,2015,455.7736
r-mijorski,2016,489.0
r-mijorski,2017,549.1
r-mijorski,2018,643.9
r-mijorski,2019,735.3
r-mijorski,2020,866.6
r-mijorski,2021,970.0
r-mijorski,2022,1132.4
r-mijorski,2023,1342.7
r-mijorski,2024,1570.6
r-mijorski,2025,1869.8
r-minski,2010,130.7949
r-minski,2011,207.1302
r-minski,2012,405.4066
r-minski,2013,570.8343
r-minski,2014,723.5395
r-minski,2015,793.5206
r-minski,2016,825.0
r-minski,2017,964.1
r-minski,2018,1124.1
r-minski,2019,1238.6
r-minski,2020,1454.7
r-minski,2021,1678.2
r-minski,2022,1922.5
r-minski,2023,2304.3
r-minski,2024,2673.1
r-minski,2025,3309.5
r-mscislauski,2010,87.3046
r-mscislauski,2011,136.1865
r-mscislauski,2012,260.8156
r-mscislauski,2013,360.1984
r-mscislauski,2014,413.2547
r-mscislauski,2015,462.1487
r-mscislauski,2016,499.5
r-mscislauski,2017,553.2
r-mscislauski,2018,608.2
r-mscislauski,2019,688.8
r-mscislauski,2020,805.0
r-mscislauski,2021,916.8
r-mscislauski,2022,1071.1
r-mscislauski,2023,1278.8
r-mscislauski,2024,1535.7
r-mscislauski,2025,1913.1
r-naraulanski,2010,94.9438
r-naraulanski,2011,145.5866
r-naraulanski,2012,291.4947
r-naraulanski,2013,390.5958
r-naraulanski,2014,465.0047
r-naraulanski,2015,509.1322
r-naraulanski,2016,526.0
r-naraulanski,2017,610.5
r-naraulanski,2018,732.2
r-naraulanski,2019,820.9
r-naraulanski,2020,953.7
r-naraulanski,2021,1095.1
r-naraulanski,2022,1241.1
r-naraulanski,2023,1437.8
r-naraulanski,2024,1684.1
r-naraulanski,2025,1982.9
r-navahrudski,2010,92.8631
r-navahrudski,2011,145.5465
r-navahrudski,2012,286.3098
r-navahrudski,2013,405.0173
r-navahrudski,2014,488.3118
r-navahrudski,2015,532.8159
r-navahrudski,2016,527.9
r-navahrudski,2017,603.1
r-navahrudski,2018,729.7
r-navahrudski,2019,810.8
r-navahrudski,2020,955.1
r-navahrudski,2021,1089.2
r-navahrudski,2022,1258.4
r-navahrudski,2023,1510.1
r-navahrudski,2024,1791.7
r-navahrudski,2025,2131.4
r-niasvizhski,2010,110.8038
r-niasvizhski,2011,169.2729
r-niasvizhski,2012,340.7759
r-niasvizhski,2013,483.2506
r-niasvizhski,2014,593.6508
r-niasvizhski,2015,632.8612
r-niasvizhski,2016,700.0
r-niasvizhski,2017,795.4
r-niasvizhski,2018,876.2
r-niasvizhski,2019,967.6
r-niasvizhski,2020,1102.5
r-niasvizhski,2021,1268.6
r-niasvizhski,2022,1478.5
r-niasvizhski,2023,1798.0
r-niasvizhski,2024,2181.0
r-niasvizhski,2025,2606.1
r-pastauski,2010,92.9253
r-pastauski,2011,148.68
r-pastauski,2012,285.1278
r-pastauski,2013,397.1862
r-pastauski,2014,468.1642
r-pastauski,2015,493.6049
r-pastauski,2016,525.2
r-pastauski,2017,601.5
r-pastauski,2018,693.4
r-pastauski,2019,788.4
r-pastauski,2020,914.8
r-pastauski,2021,1045.2
r-pastauski,2022,1221.3
r-pastauski,2023,1453.8
r-pastauski,2024,1744.5
r-pastauski,2025,2075.8
r-pietrykauski,2010,88.1278
r-pietrykauski,2011,140.7066
r-pietrykauski,2012,282.6456
r-pietrykauski,2013,374.7247
r-pietrykauski,2014,429.9105
r-pietrykauski,2015,470.7265
r-pietrykauski,2016,497.5
r-pietrykauski,2017,573.2
r-pietrykauski,2018,688.6
r-pietrykauski,2019,792.6
r-pietrykauski,2020,933.4
r-pietrykauski,2021,1131.1
r-pietrykauski,2022,1279.5
r-pietrykauski,2023,1493.9
r-pietrykauski,2024,1795.1
r-pietrykauski,2025,2236.7
r-pinski,2010,90.9509
r-pinski,2011,143.7555
r-pinski,2012,289.3439
r-pinski,2013,393.3964
r-pinski,2014,477.3614
r-pinski,2015,493.6317
r-pinski,2016,536.9
r-pinski,2017,612.7
r-pinski,2018,708.0
r-pinski,2019,821.4
r-pinski,2020,953.6
r-pinski,2021,1099.4
r-pinski,2022,1282.1
r-pinski,2023,1530.2
r-pinski,2024,1820.7
r-pinski,2025,2217.6
r-polacki,2010,107.597
r-polacki,2011,173.0216
r-polacki,2012,331.7417
r-polacki,2013,454.7334
r-polacki,2014,546.648
r-polacki,2015,596.2545
r-polacki,2016,617.7
r-polacki,2017,699.0
r-polacki,2018,829.3
r-polacki,2019,903.8
r-polacki,2020,1029.4
r-polacki,2021,1209.2
r-polacki,2022,1400.7
r-polacki,2023,1591.1
r-polacki,2024,1853.6
r-polacki,2025,2228.3
r-pruzhanski,2010,100.3266
r-pruzhanski,2011,152.8451
r-pruzhanski,2012,295.626
r-pruzhanski,2013,406.7428
r-pruzhanski,2014,499.1608
r-pruzhanski,2015,570.0513
r-pruzhanski,2016,605.7
r-pruzhanski,2017,693.7
r-pruzhanski,2018,786.0
r-pruzhanski,2019,881.8
r-pruzhanski,2020,1017.4
r-pruzhanski,2021,1135.8
r-pruzhanski,2022,1321.1
r-pruzhanski,2023,1591.5
r-pruzhanski,2024,1902.2
r-pruzhanski,2025,2293.5
r-puchavicki,2010,105.8838
r-puchavicki,2011,162.782
r-puchavicki,2012,321.6954
r-puchavicki,2013,455.1609
r-puchavicki,2014,558.3264
r-puchavicki,2015,609.3976
r-puchavicki,2016,641.9
r-puchavicki,2017,708.2
r-puchavicki,2018,849.8
r-puchavicki,2019,946.1
r-puchavicki,2020,1123.5
r-puchavicki,2021,1288.0
r-puchavicki,2022,1552.7
r-puchavicki,2023,1828.5
r-puchavicki,2024,2136.6
r-puchavicki,2025,2567.3
r-rahachouski,2010,91.917
r-rahachouski,2011,145.9926
r-rahachouski,2012,293.1264
r-rahachouski,2013,410.4941
r-rahachouski,2014,496.7759
r-rahachouski,2015,531.1394
r-rahachouski,2016,556.4
r-rahachouski,2017,622.9
r-rahachouski,2018,712.7
r-rahachouski,2019,795.7
r-rahachouski,2020,926.3
r-rahachouski,2021,1046.7
r-rahachouski,2022,1209.6
r-rahachouski,2023,1450.7
r-rahachouski,2024,1761.0
r-rahachouski,2025,2080.1
r-rasonski,2010,92.5117
r-rasonski,2011,145.5961
r-rasonski,2012,276.991
r-rasonski,2013,367.2829
r-rasonski,2014,460.6029
r-rasonski,2015,499.4001
r-rasonski,2016,531.3
r-rasonski,2017,589.6
r-rasonski,2018,682.7
r-rasonski,2019,743.7
r-rasonski,2020,860.1
r-rasonski,2021,1029.1
r-rasonski,2022,1165.5
r-rasonski,2023,1342.8
r-rasonski,2024,1564.7
r-rasonski,2025,1830.0
r-rechycki,2010,128.9834
r-rechycki,2011,203.2594
r-rechycki,2012,406.2137
r-rechycki,2013,531.0747
r-rechycki,2014,635.1113
r-rechycki,2015,702.1945
r-rechycki,2016,731.9
r-rechycki,2017,847.7
r-rechycki,2018,1018.7
r-rechycki,2019,1126.6
r-rechycki,2020,1294.0
r-rechycki,2021,1553.0
r-rechycki,2022,1789.0
r-rechycki,2023,2109.4
r-rechycki,2024,2501.5
r-rechycki,2025,2877.8
r-salihorski,2010,192.5843
r-salihorski,2011,306.6614
r-salihorski,2012,561.9962
r-salihorski,2013,694.025
r-salihorski,2014,877.4088
r-salihorski,2015,995.845
r-salihorski,2016,1074.0
r-salihorski,2017,1207.1
r-salihorski,2018,1413.6
r-salihorski,2019,1601.5
r-salihorski,2020,1771.7
r-salihorski,2021,2028.5
r-salihorski,2022,2009.8
r-salihorski,2023,2346.2
r-salihorski,2024,2705.5
r-salihorski,2025,3220.8
r-sharkoushchynski,2010,89.3912
r-sharkoushchynski,2011,136.4068
r-sharkoushchynski,2012,261.9931
r-sharkoushchynski,2013,351.0953
r-sharkoushchynski,2014,391.3991
r-sharkoushchynski,2015,433.1316
r-sharkoushchynski,2016,449.5
r-sharkoushchynski,2017,494.2
r-sharkoushchynski,2018,590.1
r-sharkoushchynski,2019,671.5
r-sharkoushchynski,2020,776.1
r-sharkoushchynski,2021,882.9
r-sharkoushchynski,2022,1033.9
r-sharkoushchynski,2023,1256.3
r-sharkoushchynski,2024,1477.1
r-sharkoushchynski,2025,1751.3
r-shchuchynski,2010,98.9047
r-shchuchynski,2011,153.0395
r-shchuchynski,2012,305.468
r-shchuchynski,2013,426.8492
r-shchuchynski,2014,503.7104
r-shchuchynski,2015,542.0442
r-shchuchynski,2016,560.6
r-shchuchynski,2017,646.2
r-shchuchynski,2018,736.3
r-shchuchynski,2019,825.6
r-shchuchynski,2020,977.1
r-shchuchynski,2021,1135.6
r-shchuchynski,2022,1317.5
r-shchuchynski,2023,1554.1
r-shchuchynski,2024,1877.5
r-shchuchynski,2025,2272.4
r-shklouski,2010,103.7644
r-shklouski,2011,162.9579
r-shklouski,2012,325.2465
r-shklouski,2013,426.7492
r-shklouski,2014,508.7603
r-shklouski,2015,584.1528
r-shklouski,2016,588.7
r-shklouski,2017,682.1
r-shklouski,2018,823.5
r-shklouski,2019,905.7
r-shklouski,2020,1023.1
r-shklouski,2021,1157.1
r-shklouski,2022,1393.2
r-shklouski,2023,1612.3
r-shklouski,2024,1911.5
r-shklouski,2025,2401.0
r-shumilinski,2010,86.772
r-shumilinski,2011,138.0294
r-shumilinski,2012,258.9728
r-shumilinski,2013,358.048
r-shumilinski,2014,437.1556
r-shumilinski,2015,466.2553
r-shumilinski,2016,493.3
r-shumilinski,2017,551.8
r-shumilinski,2018,659.2
r-shumilinski,2019,741.0
r-shumilinski,2020,860.1
r-shumilinski,2021,990.9
r-shumilinski,2022,1157.6
r-shumilinski,2023,1357.5
r-shumilinski,2024,1620.3
r-shumilinski,2025,1927.0
r-siennienski,2010,94.504
r-siennienski,2011,147.7856
r-siennienski,2012,280.4183
r-siennienski,2013,362.5333
r-siennienski,2014,436.2159
r-siennienski,2015,469.9605
r-siennienski,2016,494.8
r-siennienski,2017,558.1
r-siennienski,2018,660.2
r-siennienski,2019,741.4
r-siennienski,2020,851.1
r-siennienski,2021,962.9
r-siennienski,2022,1121.1
r-siennienski,2023,1360.0
r-siennienski,2024,1653.2
r-siennienski,2025,2002.5
r-slauharadski,2010,87.4292
r-slauharadski,2011,137.4747
r-slauharadski,2012,262.3468
r-slauharadski,2013,360.5388
r-slauharadski,2014,439.299
r-slauharadski,2015,484.3858
r-slauharadski,2016,514.4
r-slauharadski,2017,570.2
r-slauharadski,2018,643.8
r-slauharadski,2019,718.4
r-slauharadski,2020,831.6
r-slauharadski,2021,941.9
r-slauharadski,2022,1065.6
r-slauharadski,2023,1282.2
r-slauharadski,2024,1541.1
r-slauharadski,2025,1862.2
r-slonimski,2010,98.3298
r-slonimski,2011,155.2327
r-slonimski,2012,304.0764
r-slonimski,2013,409.9036
r-slonimski,2014,477.9925
r-slonimski,2015,525.9005
r-slonimski,2016,527.6
r-slonimski,2017,614.0
r-slonimski,2018,765.9
r-slonimski,2019,845.6
r-slonimski,2020,973.7
r-slonimski,2021,1115.5
r-slonimski,2022,1317.7
r-slonimski,2023,1558.7
r-slonimski,2024,1844.7
r-slonimski,2025,2182.8
r-slucki,2010,104.0863
r-slucki,2011,158.0502
r-slucki,2012,315.6641
r-slucki,2013,435.1695
r-slucki,2014,521.7165
r-slucki,2015,581.3065
r-slucki,2016,598.6
r-slucki,2017,686.5
r-slucki,2018,789.7
r-slucki,2019,884.9
r-slucki,2020,1025.5
r-slucki,2021,1176.9
r-slucki,2022,1388.2
r-slucki,2023,1675.2
r-slucki,2024,1993.2
r-slucki,2025,2401.7
r-smalavicki,2010,118.9408
r-smalavicki,2011,184.9986
r-smalavicki,2012,366.3222
r-smalavicki,2013,522.983
r-smalavicki,2014,649.1516
r-smalavicki,2015,672.5835
r-smalavicki,2016,740.0
r-smalavicki,2017,866.4
r-smalavicki,2018,1013.7
r-smalavicki,2019,1132.4
r-smalavicki,2020,1294.9
r-smalavicki,2021,1598.8
r-smalavicki,2022,1842.2
r-smalavicki,2023,2202.3
r-smalavicki,2024,2617.2
r-smalavicki,2025,3083.5
r-smarhonski,2010,96.674
r-smarhonski,2011,151.8657
r-smarhonski,2012,302.8624
r-smarhonski,2013,437.1675
r-smarhonski,2014,530.3318
r-smarhonski,2015,557.2554
r-smarhonski,2016,598.7
r-smarhonski,2017,703.0
r-smarhonski,2018,798.2
r-smarhonski,2019,904.8
r-smarhonski,2020,1052.6
r-smarhonski,2021,1234.9
r-smarhonski,2022,1416.8
r-smarhonski,2023,1694.8
r-smarhonski,2024,1995.8
r-smarhonski,2025,2405.6
r-staradarozhski,2010,96.9761
r-staradarozhski,2011,150.8098
r-staradarozhski,2012,301.1997
r-staradarozhski,2013,382.6983
r-staradarozhski,2014,439.1227
r-staradarozhski,2015,555.8748
r-staradarozhski,2016,503.6
r-staradarozhski,2017,581.8
r-staradarozhski,2018,807.9
r-staradarozhski,2019,887.2
r-staradarozhski,2020,1032.6
r-staradarozhski,2021,1195.0
r-staradarozhski,2022,1364.8
r-staradarozhski,2023,1588.8
r-staradarozhski,2024,1886.1
r-staradarozhski,2025,2257.6
r-staubcouski,2010,99.1265
r-staubcouski,2011,159.2717
r-staubcouski,2012,314.6337
r-staubcouski,2013,426.9014
r-staubcouski,2014,524.8687
r-staubcouski,2015,596.4785
r-staubcouski,2016,609.7
r-staubcouski,2017,689.4
r-staubcouski,2018,825.6
r-staubcouski,2019,931.9
r-staubcouski,2020,1077.1
r-staubcouski,2021,1249.6
r-staubcouski,2022,1441.8
r-staubcouski,2023,1681.6
r-staubcouski,2024,2021.5
r-staubcouski,2025,2361.6
r-stolinski,2010,83.007
r-stolinski,2011,130.2337
r-stolinski,2012,261.2238
r-stolinski,2013,360.3972
r-stolinski,2014,433.9899
r-stolinski,2015,472.5086
r-stolinski,2016,511.8
r-stolinski,2017,574.7
r-stolinski,2018,663.7
r-stolinski,2019,746.8
r-stolinski,2020,863.9
r-stolinski,2021,969.1
r-stolinski,2022,1156.2
r-stolinski,2023,1400.3
r-stolinski,2024,1636.1
r-stolinski,2025,2002.9
r-svietlahorski,2010,115.7125
r-svietlahorski,2011,188.3993
r-svietlahorski,2012,360.005
r-svietlahorski,2013,477.0314
r-svietlahorski,2014,570.2957
r-svietlahorski,2015,625.4043
r-svietlahorski,2016,649.9
r-svietlahorski,2017,751.7
r-svietlahorski,2018,890.9
r-svietlahorski,2019,1007.2
r-svietlahorski,2020,1200.2
r-svietlahorski,2021,1422.5
r-svietlahorski,2022,1650.6
r-svietlahorski,2023,1954.1
r-svietlahorski,2024,2290.5
r-svietlahorski,2025,2685.3
r-svislacki,2010,87.6576
r-svislacki,2011,136.5837
r-svislacki,2012,266.7349
r-svislacki,2013,361.4834
r-svislacki,2014,441.9899
r-svislacki,2015,492.1379
r-svislacki,2016,503.6
r-svislacki,2017,558.6
r-svislacki,2018,679.9
r-svislacki,2019,767.5
r-svislacki,2020,892.4
r-svislacki,2021,1030.2
r-svislacki,2022,1204.9
r-svislacki,2023,1442.9
r-svislacki,2024,1759.0
r-svislacki,2025,2125.2
r-talachynski,2010,100.0516
r-talachynski,2011,159.0421
r-talachynski,2012,307.0174
r-talachynski,2013,402.7443
r-talachynski,2014,472.6473
r-talachynski,2015,524.723
r-talachynski,2016,591.5
r-talachynski,2017,681.6
r-talachynski,2018,776.4
r-talachynski,2019,825.7
r-talachynski,2020,965.0
r-talachynski,2021,1093.6
r-talachynski,2022,1258.8
r-talachynski,2023,1494.5
r-talachynski,2024,1767.5
r-talachynski,2025,2038.7
r-ushacki,2010,88.4846
r-ushacki,2011,137.5768
r-ushacki,2012,260.6021
r-ushacki,2013,349.1062
r-ushacki,2014,409.8799
r-ushacki,2015,438.2121
r-ushacki,2016,474.5
r-ushacki,2017,531.5
r-ushacki,2018,636.5
r-ushacki,2019,713.5
r-ushacki,2020,844.8
r-ushacki,2021,976.6
r-ushacki,2022,1118.0
r-ushacki,2023,1302.8
r-ushacki,2024,1534.2
r-ushacki,2025,1852.9
r-uzdzienski,2010,92.8688
r-uzdzienski,2011,148.0022
r-uzdzienski,2012,292.9263
r-uzdzienski,2013,414.4313
r-uzdzienski,2014,528.1581
r-uzdzienski,2015,562.3673
r-uzdzienski,2016,585.5
r-uzdzienski,2017,669.6
r-uzdzienski,2018,774.3
r-uzdzienski,2019,847.1
r-uzdzienski,2020,1014.6
r-uzdzienski,2021,1182.5
r-uzdzienski,2022,1378.8
r-uzdzienski,2023,1670.2
r-uzdzienski,2024,1965.9
r-uzdzienski,2025,2384.7
r-valozhynski,2010,89.3373
r-valozhynski,2011,141.8759
r-valozhynski,2012,283.0609
r-valozhynski,2013,391.7747
r-valozhynski,2014,482.3369
r-valozhynski,2015,560.6295
r-valozhynski,2016,554.2
r-valozhynski,2017,617.5
r-valozhynski,2018,754.1
r-valozhynski,2019,841.2
r-valozhynski,2020,978.9
r-valozhynski,2021,1149.3
r-valozhynski,2022,1338.6
r-valozhynski,2023,1599.9
r-valozhynski,2024,1884.6
r-valozhynski,2025,2254.1
r-vaukavyski,2010,114.262
r-vaukavyski,2011,173.2545
r-vaukavyski,2012,348.6522
r-vaukavyski,2013,463.9655
r-vaukavyski,2014,543.6268
r-vaukavyski,2015,591.8809
r-vaukavyski,2016,581.8
r-vaukavyski,2017,670.1
r-vaukavyski,2018,792.2
r-vaukavyski,2019,878.9
r-vaukavyski,2020,992.8
r-vaukavyski,2021,1105.1
r-vaukavyski,2022,1328.9
r-vaukavyski,2023,1597.7
r-vaukavyski,2024,1928.8
r-vaukavyski,2025,2311.5
r-viciebski,2010,102.2686
r-viciebski,2011,162.6112
r-viciebski,2012,318.4906
r-viciebski,2013,430.8363
r-viciebski,2014,522.3941
r-viciebski,2015,557.8412
r-viciebski,2016,570.5
r-viciebski,2017,677.6
r-viciebski,2018,775.9
r-viciebski,2019,865.2
r-viciebski,2020,1002.9
r-viciebski,2021,1139.9
r-viciebski,2022,1280.1
r-viciebski,2023,1558.1
r-viciebski,2024,1886.5
r-viciebski,2025,2234.3
r-vierchniadzvinski,2010,99.1411
r-vierchniadzvinski,2011,157.6831
r-vierchniadzvinski,2012,313.3414
r-vierchniadzvinski,2013,419.0041
r-vierchniadzvinski,2014,495.0609
r-vierchniadzvinski,2015,552.133
r-vierchniadzvinski,2016,602.8
r-vierchniadzvinski,2017,676.0
r-vierchniadzvinski,2018,746.5
r-vierchniadzvinski,2019,829.3
r-vierchniadzvinski,2020,976.2
r-vierchniadzvinski,2021,1130.8
r-vierchniadzvinski,2022,1325.2
r-vierchniadzvinski,2023,1521.8
r-vierchniadzvinski,2024,1841.5
r-vierchniadzvinski,2025,2215.6
r-vietkauski,2010,91.7653
r-vietkauski,2011,147.0754
r-vietkauski,2012,299.0081
r-vietkauski,2013,415.8275
r-vietkauski,2014,476.1706
r-vietkauski,2015,516.4246
r-vietkauski,2016,517.4
r-vietkauski,2017,602.3
r-vietkauski,2018,693.4
r-vietkauski,2019,754.4
r-vietkauski,2020,854.5
r-vietkauski,2021,957.4
r-vietkauski,2022,1114.1
r-vietkauski,2023,1337.3
r-vietkauski,2024,1607.0
r-vietkauski,2025,1961.6
r-vilejski,2010,93.0325
r-vilejski,2011,145.3316
r-vilejski,2012,285.2878
r-vilejski,2013,403.8216
r-vilejski,2014,494.8657
r-vilejski,2015,539.3891
r-vilejski,2016,572.7
r-vilejski,2017,653.1
r-vilejski,2018,741.3
r-vilejski,2019,810.9
r-vilejski,2020,962.3
r-vilejski,2021,1117.3
r-vilejski,2022,1262.4
r-vilejski,2023,1488.0
r-vilejski,2024,1786.2
r-vilejski,2025,2149.9
r-voranauski,2010,86.3965
r-voranauski,2011,135.8463
r-voranauski,2012,270.4462
r-voranauski,2013,366.2281
r-voranauski,2014,440.2623
r-voranauski,2015,491.6235
r-voranauski,2016,501.5
r-voranauski,2017,576.4
r-voranauski,2018,692.3
r-voranauski,2019,776.9
r-voranauski,2020,902.8
r-voranauski,2021,1013.0
r-voranauski,2022,1201.7
r-voranauski,2023,1472.6
r-voranauski,2024,1689.5
r-voranauski,2025,2020.3
r-zelvienski,2010,89.8315
r-zelvienski,2011,140.2886
r-zelvienski,2012,282.6423
r-zelvienski,2013,384.5388
r-zelvienski,2014,466.6141
r-zelvienski,2015,491.5553
r-zelvienski,2016,513.9
r-zelvienski,2017,583.4
r-zelvienski,2018,687.8
r-zelvienski,2019,787.5
r-zelvienski,2020,922.7
r-zelvienski,2021,1036.7
r-zelvienski,2022,1234.5
r-zelvienski,2023,1501.1
r-zelvienski,2024,1750.2
r-zelvienski,2025,2110.2
r-zhabinkauski,2010,111.433
r-zhabinkauski,2011,163.5783
r-zhabinkauski,2012,318.4563
r-zhabinkauski,2013,434.9553
r-zhabinkauski,2014,536.778
r-zhabinkauski,2015,576.8363
r-zhabinkauski,2016,627.8
r-zhabinkauski,2017,718.9
r-zhabinkauski,2018,807.8
r-zhabinkauski,2019,868.8
r-zhabinkauski,2020,977.1
r-zhabinkauski,2021,1129.2
r-zhabinkauski,2022,1338.0
r-zhabinkauski,2023,1660.9
r-zhabinkauski,2024,2024.9
r-zhabinkauski,2025,2443.0
r-zhlobinski,2010,133.9073
r-zhlobinski,2011,224.8701
r-zhlobinski,2012,417.89
r-zhlobinski,2013,521.5417
r-zhlobinski,2014,611.9698
r-zhlobinski,2015,637.2415
r-zhlobinski,2016,629.8
r-zhlobinski,2017,769.8
r-zhlobinski,2018,958.2
r-zhlobinski,2019,1044.9
r-zhlobinski,2020,1099.0
r-zhlobinski,2021,1316.6
r-zhlobinski,2022,1478.2
r-zhlobinski,2023,1768.3
r-zhlobinski,2024,2088.2
r-zhlobinski,2025,2302.5
r-zhytkavicki,2010,90.7146
r-zhytkavicki,2011,145.2081
r-zhytkavicki,2012,290.2806
r-zhytkavicki,2013,385.9515
r-zhytkavicki,2014,458.1549
r-zhytkavicki,2015,505.9446
r-zhytkavicki,2016,534.5
r-zhytkavicki,2017,610.5
r-zhytkavicki,2018,712.9
r-zhytkavicki,2019,797.3
r-zhytkavicki,2020,914.9
r-zhytkavicki,2021,1049.9
r-zhytkavicki,2022,1212.8
r-zhytkavicki,2023,1446.5
r-zhytkavicki,2024,1749.6
r-zhytkavicki,2025,2115.0
